Date,Open,High,Low,Close,Volume,Dividends,Stock Splits
2019-05-24,28.29168696239077,30.43139437971444,27.102960619433173,27.57845115661621,44000,0.0,0
2019-05-28,27.81619734882181,29.004923731250095,27.112471548086567,27.354970932006836,61500,0.0,0
2019-05-29,28.434331725231523,28.434331725231523,26.304134488809375,27.10295867919922,207800,0.0,0
2019-05-30,27.568941077324144,27.730607932222075,26.836685216089258,27.388254165649414,666000,0.0,0
2019-05-31,27.102962458328463,27.188550905936655,25.647960662841797,25.647960662841797,853800,0.0,0
2019-06-03,25.239036221177265,25.676486603777718,23.175407410467706,23.59383773803711,19259600,0.0,0
2019-06-04,23.156389451444124,26.570411642890647,23.156389451444124,26.389724731445312,20135100,0.0,0
2019-06-05,26.190021481045736,26.836687132974916,25.162960107967006,26.636981964111328,10740200,0.0,0
2019-06-06,26.33266629565232,26.33266629565232,24.94423299238587,25.581390380859375,13986100,0.0,0
2019-06-07,24.887176483892436,25.60992236730244,24.454480138137065,25.020313262939453,10049100,0.0,0
2019-06-10,24.792074076939137,25.429231411710113,23.88864322628627,24.06932830810547,10247200,0.0,0
2019-06-11,23.784034746099195,24.116878454929346,23.327564306827597,23.72697639465332,11641200,0.0,0
2019-06-12,23.879135083890656,24.202468790574944,23.280015998154067,23.841094970703125,13392000,0.0,0
2019-06-13,23.831586830167552,23.95521539396753,23.48923485362335,23.74599838256836,9710800,0.0,0
2019-06-14,23.546289523600155,24.00275996335033,23.34658257255177,23.955211639404297,7036800,0.0,0
2019-06-17,24.278547320992242,25.58139036850034,24.20246890810018,24.677959442138672,13710100,0.0,0
2019-06-18,24.754039695087073,26.218549705584625,24.487764323245436,25.96178436279297,14485400,0.0,0
2019-06-19,26.132959346174047,26.132959346174047,25.552862127384312,25.819135665893555,10228800,0.0,0
2019-06-20,26.02835267400337,26.247077884694818,25.124919932309197,25.828645706176758,7728000,0.0,0
2019-06-21,25.55286210573577,26.351684534439165,25.55286210573577,25.87619400024414,12548900,0.0,0
2019-06-24,25.809627573748767,27.05541417382645,25.726892316097768,26.636981964111328,6494900,0.0,0
2019-06-25,26.64648619131804,26.713054566445003,26.13295561659203,26.313642501831055,6698600,0.0,0
2019-06-26,26.56090172429354,27.935069087934703,26.48482331082092,27.825706481933594,6735100,0.0,0
2019-06-27,27.939825084258416,28.84325789244873,27.825708363260162,28.120512008666992,5879600,0.0,0
2019-06-28,28.149042095842848,28.291688904016954,27.825708363260162,28.120512008666992,15517800,0.0,0
2019-07-01,28.130020166676772,29.242668098591928,27.53090288665436,28.22511863708496,5272900,0.0,0
2019-07-02,28.053941681713056,28.149040151879184,26.7606068406996,27.568941116333008,5438300,0.0,0
2019-07-03,27.369235922725057,27.48335263568098,26.817666973164904,27.388254165649414,2234900,0.0,0
2019-07-05,27.055406553929526,27.882758897423624,26.874719680237455,27.23609161376953,2888200,0.0,0
2019-07-08,26.998348161191142,26.998348161191142,26.285112460021086,26.408740997314453,3478600,0.0,0
2019-07-09,26.123447372610514,26.408742760436976,25.51482011407775,25.666976928710938,5285700,0.0,0
2019-07-10,25.495801929525737,25.676488840355066,25.14393995006342,25.200998306274414,5133700,0.0,0
2019-07-11,25.248544728099176,25.48628997719183,24.687465795132322,25.134428024291992,6066200,0.0,0
2019-07-12,25.124919987063414,26.370704683121414,24.972763160698427,26.24707794189453,5154500,0.0,0
2019-07-15,26.066392902388646,26.88423726322451,26.056882873326302,26.703550338745117,3443100,0.0,0
2019-07-16,26.56089782780604,27.10295667100989,26.35643678149551,26.49432945251465,3735900,0.0,0
2019-07-17,26.247075871426933,26.351682547643318,25.533840123909094,25.562368392944336,3999300,0.0,0
2019-07-18,25.277078613629786,25.657470706633294,25.118264937473977,25.343647003173828,3009800,0.0,0
2019-07-19,25.47678372008186,26.13295935199942,25.334135108588747,26.04737091064453,4694800,0.0,0
2019-07-22,25.999824527495875,26.484825126834036,25.876195963468117,26.39923667907715,2546100,0.0,0
2019-07-23,26.294622576053527,27.083936682133217,26.104427476742245,26.74158477783203,2921400,0.0,0
2019-07-24,26.408742941639954,27.121978695321502,26.275604367533155,26.931781768798828,2311800,0.0,0
2019-07-25,26.722566597526818,27.00786017342457,26.389722883077894,26.646488189697266,3532200,0.0,0
2019-07-26,26.361194673312387,27.12673472679252,26.294626288462368,27.083940505981445,3052700,0.0,0
2019-07-29,26.969823868363754,27.530902847741316,26.931783754713262,27.36923599243164,6245200,0.0,0
2019-07-30,26.748292111008087,27.980625015007845,26.557232152810624,27.827775955200195,7142300,0.13,0
2019-07-31,27.799118173647557,28.802178396693908,27.426551438218883,28.181236267089844,7662000,0.0,0
2019-08-01,28.181236206054685,31.31460638757795,27.99972942878166,29.853004455566406,11564200,0.0,0
2019-08-02,29.556864839852608,30.130042922362325,29.470888036372006,30.053617477416992,7305800,0.0,0
2019-08-05,29.260720243694347,29.585521080138072,28.314977274784482,28.5633544921875,5552500,0.0,0
2019-08-06,28.716201052839878,28.86904828731556,28.15257619242976,28.706647872924805,5355900,0.0,0
2019-08-07,28.25766164961687,29.45178190496255,28.11436758339197,29.270275115966797,4925200,0.0,0
2019-08-08,29.33714474775462,30.368866369052594,29.298933848122953,30.19691276550293,3962600,0.0,0
2019-08-09,30.512159891206032,30.569477150680367,29.824345489182715,30.21601676940918,4753200,0.0,0
2019-08-12,30.08227716147563,30.4070780156971,28.190791120126796,28.3054256439209,7112500,0.0,0
2019-08-13,28.01883543086453,28.80217796623457,27.88509455567924,28.276765823364258,6855400,0.0,0
2019-08-14,27.818225077647472,28.047495938194764,27.015776154690528,27.07309341430664,4580100,0.0,0
2019-08-15,27.63672220486839,27.923310365561615,26.681425906446854,27.149520874023438,3561600,0.0,0
2019-08-16,27.407444889430412,28.955023509858144,27.28325537937077,28.888153076171875,4285100,0.0,0
2019-08-19,29.375353236977183,29.461330026364212,28.897705216863734,29.203399658203125,4207300,0.0,0
2019-08-20,29.251166152012026,29.30848340541536,28.74485858438178,28.907258987426758,3073700,0.0,0
2019-08-21,28.94547001360521,29.595071628731105,28.92636547710588,29.212953567504883,2815400,0.0,0
2019-08-22,29.404015601401767,29.56641601673884,28.859495275566093,28.93592071533203,3351400,0.0,0
2019-08-23,28.467824419621643,28.811731615219806,27.52208145380949,27.751352310180664,3911600,0.0,0
2019-08-26,28.037942050026356,28.157354067426738,27.38834038383503,27.722694396972656,3479800,0.0,0
2019-08-27,27.846884117970944,28.114367712345103,27.259377168296083,27.445659637451172,3528400,0.0,0
2019-08-28,27.206834809691955,28.209896893438213,27.044434385966344,27.865989685058594,5091800,0.0,0
2019-08-29,28.229002042375644,28.876694208433047,28.20034432244656,28.38184928894043,3135600,0.0,0
2019-08-30,28.65888279329519,28.687542332038255,27.951963903043833,28.009281158447266,5220200,0.0,0
2019-09-03,27.694037202003873,27.79912036928124,26.748294162756366,26.9680118560791,3279100,0.0,0
2019-09-04,27.34057967497599,27.550744195550116,26.9106956305255,27.159072875976562,2962100,0.0,0
2019-09-05,27.455212472845584,27.694036522006122,26.700529424981386,27.187728881835938,4972700,0.0,0
2019-09-06,27.17817823130957,27.522083632043312,26.643211035354078,27.120859146118164,5140000,0.0,0
2019-09-09,27.08265119754651,27.53163981466787,26.76740348295425,27.46476936340332,4661000,0.0,0
2019-09-10,27.417001142559513,27.827776970124972,26.882033968928603,27.28325843811035,3682900,0.0,0
2019-09-11,27.225937041205114,27.99017314159889,26.853372170023473,27.961515426635742,3033600,0.0,0
2019-09-12,28.181236396983937,28.74486127069024,27.608058343137195,28.5633544921875,7967600,0.0,0
2019-09-13,28.697097802673028,28.993239104996583,28.563355099943973,28.773521423339844,4919600,0.0,0
2019-09-16,28.70664884976284,28.716202030002993,27.550741371946582,28.08570671081543,3300700,0.0,0
2019-09-17,28.0092795586379,28.152573600003294,27.66537240169488,27.684478759765625,4118200,0.0,0
2019-09-18,27.464765659479706,28.143025084644457,27.464765659479706,27.84688377380371,3606000,0.0,0
2019-09-19,27.951964291636582,28.38184644626268,27.760904341525386,27.83732795715332,3222400,0.0,0
2019-09-20,28.03793860694776,28.248103075814285,27.560290596001742,27.627161026000977,6865000,0.0,0
2019-09-23,27.35968215246248,27.703589362092913,27.173399687940286,27.588953018188477,3314300,0.0,0
2019-09-24,27.426552405908197,27.6940359917968,26.711036865644967,26.977563858032227,2840500,0.0,0
2019-09-25,26.95845657365208,27.225940150377525,26.52857440136948,26.93935203552246,3154200,0.0,0
2019-09-26,26.85337690282208,26.939353707029767,26.261092454067235,26.404386520385742,3532100,0.0,0
2019-09-27,26.31840597842034,26.968007597029146,26.089135140455348,26.55722999572754,4534900,0.0,0
2019-09-30,26.652762940975016,27.082646948927376,26.51902205942666,26.748292922973633,6245000,0.0,0
2019-10-01,26.776954456710794,27.111306685461322,26.01271636593661,26.318410873413086,5843200,0.0,0
2019-10-02,25.93628902765963,26.433043442266285,25.429983255383725,25.73567771911621,5181600,0.0,0
2019-10-03,25.707015707153534,25.945839711732877,25.324897664243103,25.678356170654297,3622400,0.0,0
2019-10-04,25.79299373146063,25.829295083934127,24.647594319060737,24.732614517211914,4851400,0.0,0
2019-10-07,24.83769989013672,25.28668842450861,24.579769492439272,24.83769989013672,5474100,0.0,0
2019-10-08,24.493793208389864,25.248478057063362,24.446029128737322,25.04786491394043,6214200,0.0,0
2019-10-09,25.59238552246218,25.630596422157687,24.589323440774407,25.00010108947754,3916700,0.0,0
2019-10-10,25.000099944417116,25.525512090224566,24.560662774507414,24.579769134521484,3003300,0.0,0
2019-10-11,24.93322963301775,25.90763213368824,24.82814647448972,25.46819496154785,4555600,0.0,0
2019-10-14,25.21981690825166,25.57327727022894,25.028758779738656,25.15294647216797,3064900,0.0,0
2019-10-15,25.047865141003985,25.87897361790541,24.89979539948912,25.50640869140625,3826500,0.0,0
2019-10-16,25.172055425672852,26.012715286343678,25.114738163420572,25.66880989074707,3023500,0.0,0
2019-10-17,25.840764038156028,25.9936112995139,25.468199066356593,25.57328224182129,2196500,0.0,0
2019-10-18,25.4108750785706,25.44908597276307,24.493789930877576,24.87590980529785,4332300,0.0,0
2019-10-21,25.114736950655544,25.3917718898996,24.29318166901894,24.36005210876465,3318300,0.0,0
2019-10-22,24.369605436386493,24.885464419031905,24.10212185370338,24.818593978881836,4166600,0.0,0
2019-10-23,24.732615408453913,24.856804921632033,24.087791270764157,24.465133666992188,4140000,0.0,0
2019-10-24,24.48424130352763,25.36311389833153,24.360053596711865,25.191162109375,5359700,0.0,0
2019-10-25,25.191159335142956,25.75478236624897,25.0669698199209,25.535064697265625,2676900,0.0,0
2019-10-28,25.59238860501179,25.926740850430217,25.41088179886816,25.57328224182129,2943500,0.0,0
2019-10-29,25.324903818845193,26.02226964439486,25.238927010535456,25.582834243774414,2837000,0.0,0
2019-10-30,25.840757816373536,26.35661856581282,25.70701695040749,26.251535415649414,5993500,0.0,0
2019-10-31,25.315346630257853,26.251536370227914,24.121226506189085,25.20071029663086,7084400,0.0,0
2019-11-01,25.009653091430664,25.410877540782916,24.369604608465945,25.009653091430664,10081500,0.0,0
2019-11-04,25.000092929047494,25.238916895957736,24.503338640574444,24.58931541442871,8316200,0.0,0
2019-11-05,24.340945797916497,24.866359780858854,23.653133216450467,24.51289939880371,8240500,0.0,0
2019-11-06,24.66574606612785,25.14339413657055,24.57021608762275,24.96188735961914,6560000,0.0,0
2019-11-07,25.286687738931338,25.296240918818473,24.952335553295374,24.980993270874023,4554200,0.0,0
2019-11-08,24.93322902653674,25.184472371845768,24.751722254062273,25.028759002685547,2998800,0.0,0
2019-11-11,24.875910543309477,25.54461669921875,24.541556554313512,25.54461669921875,3258300,0.0,0
2019-11-12,25.726123913711152,26.022265190489573,25.344005843338564,25.525510787963867,4665500,0.0,0
2019-11-13,25.31535077529052,25.353563500117215,24.32184179479248,24.570219039916992,3759900,0.0,0
2019-11-14,24.56066183724669,25.65925380905612,24.56066183724669,25.20071029663086,7274500,0.0,0
2019-11-15,25.38221718918256,25.429983087627363,24.297955892602168,24.340944290161133,4788600,0.0,0
2019-11-18,24.360050649539055,24.61320353400701,24.226309778059036,24.340944290161133,4656400,0.0,0
2019-11-19,24.40781344821432,24.766049468425386,24.17854261392915,24.551109313964844,4135100,0.0,0
2019-11-20,24.474687261235946,24.551110877531464,23.80120357323084,23.863296508789062,4531200,0.0,0
2019-11-21,23.853745088027015,24.274075919689988,23.81553418810286,23.98748779296875,4165700,0.0,0
2019-11-22,23.911062688391745,24.43169914991592,23.911062688391745,24.398263931274414,11212400,0.0,0
2019-11-25,24.58931958390972,24.942779916587476,24.503342795476822,24.77082633972168,6107900,0.0,0
2019-11-26,24.627536261941707,25.033536411019597,24.551112640159417,24.723064422607422,7580900,0.0,0
2019-11-27,24.742264830691376,25.1743172428279,24.655853982007773,25.011096954345703,6745600,0.13,0
2019-11-29,24.934290846498666,25.039904527065374,24.531040775849657,24.982297897338867,8233100,0.0,0
2019-12-02,24.991898018151684,25.097509861988037,24.041380435934624,24.175796508789062,7232800,0.0,0
2019-12-03,23.83015336346743,23.878160412390486,23.330891042357667,23.666933059692383,8645000,0.0,0
2019-12-04,23.906960411929653,24.206517774541577,23.638128290058557,23.849353790283203,13263000,0.0,0
2019-12-05,23.974168071778536,24.089383144571805,23.138865661332808,23.830150604248047,7510700,0.0,0
2019-12-06,24.002974285905218,24.540640397150643,23.945367660377894,24.252605438232422,5835800,0.0,0
2019-12-09,24.454234573885763,25.087913078889965,24.382226734983732,24.742271423339844,6603500,0.0,0
2019-12-10,24.665458008413886,24.847879302743323,24.406225434853074,24.838279724121094,5134600,0.0,0
2019-12-11,24.85748072888976,25.22232698035042,24.79987410071028,25.155118942260742,5215000,0.0,0
2019-12-12,25.078309659099585,25.995223251810625,24.963094570701628,25.904010772705078,4930200,0.0,0
2019-12-13,25.904009872991573,26.067230174305287,25.40474755941061,25.433551788330078,6268800,0.0,0
2019-12-16,25.865607320339038,26.46088009662898,25.779196460670864,26.451278686523438,9527400,0.0,0
2019-12-17,26.172844960722756,26.45127852697721,25.51996372773753,25.7023868560791,9227900,0.0,0
2019-12-18,25.64477757921634,26.825725339527455,25.433552058739398,26.71051025390625,13869000,0.0,0
2019-12-19,26.633698865186908,27.142562556712804,26.364864905861268,26.604894638061523,11975100,0.0,0
2019-12-20,26.57609661505759,27.12336420151673,26.345668253984364,27.056156158447266,30573900,0.0,0
2019-12-23,27.06575447516585,27.59862080042121,26.97934362073084,27.517009735107422,5970800,0.0,0
2019-12-24,27.45940379711382,27.881856670347418,27.24817644485619,27.661027908325195,1698400,0.0,0
2019-12-26,27.536208542800637,28.035470777632213,27.488201502173744,28.025869369506836,2599300,0.0,0
2019-12-27,28.03547367381969,28.11228311547612,27.824246335803355,27.97786521911621,2738200,0.0,0
2019-12-30,27.968266620502412,28.06427889004151,27.641827834120235,27.709035873413086,2795600,0.0,0
2019-12-31,27.699435123865953,28.40992300534719,27.66102948262178,28.381118774414062,3414500,0.0,0
2020-01-02,28.621145657774186,28.621145657774186,27.57461584586136,27.59381866455078,6896100,0.0,0
2020-01-03,27.28658258062092,27.74743927002033,27.228975952266417,27.267379760742188,5611400,0.0,0
2020-01-06,26.960143206559724,27.364352877786473,26.859331144486863,27.22897720336914,6972800,0.0,0
2020-01-07,27.18096630801652,27.57461492154642,27.04655024425944,27.334585189819336,6014800,0.0,0
2020-01-08,27.363393468201707,27.632227466799872,26.979346206834183,27.555418014526367,3684500,0.0,0
2020-01-09,27.651427017212903,27.699434066936305,27.248176955944803,27.584218978881836,3703200,0.0,0
2020-01-10,27.66102562060824,27.77624069697273,27.190567568742797,27.219371795654297,4498700,0.0,0
2020-01-13,27.209772466602615,27.45940362507293,27.032150965274727,27.440200805664062,4735100,0.0,0
2020-01-14,27.421000909228123,27.641829693406287,27.17136972414809,27.49781036376953,5370600,0.0,0
2020-01-15,27.50740678683303,27.737835108675807,27.33938670776481,27.536211013793945,6336800,0.0,0
2020-01-16,27.62262736778527,28.09308551420649,27.387397378933724,28.05467987060547,5847900,0.0,0
2020-01-17,27.324980788196427,27.488201061146412,26.52808223938916,27.171361923217773,8668600,0.0,0
2020-01-21,26.940938593867,27.219373982537274,26.604896578026953,26.71051025390625,5514000,0.0,0
2020-01-22,26.710508572169925,27.123360008669767,26.403270804899773,27.036949157714844,8672900,0.0,0
2020-01-23,26.89293483074923,27.37299435611509,26.41287530538337,27.315387725830078,4139400,0.0,0
2020-01-24,27.180964884048183,27.224170306746856,26.604893191826367,26.835323333740234,4996200,0.0,0
2020-01-27,26.144039854426346,26.432076652357303,25.894408695398848,26.076831817626953,4195000,0.0,0
2020-01-28,26.21124910891645,26.480083099884844,25.92321412888597,26.460880279541016,5618800,0.0,0
2020-01-29,26.451275431268545,26.873728267514252,26.4128716268543,26.69130516052246,3499600,0.0,0
2020-01-30,26.82572527882653,28.272624577459595,26.499284673467052,28.07387924194336,9762200,0.0,0
2020-01-31,27.632223644408374,27.98746662530157,27.324984046533302,27.766639709472656,6788300,0.0,0
2020-02-03,27.901055796135385,29.05319925303455,27.670627471011862,28.91878318786621,9430800,0.0,0
2020-02-04,29.38924427207007,29.869303789973692,28.84677650408009,29.71568489074707,5853400,0.0,0
2020-02-05,29.110806846915057,30.445371627807617,28.505932702212288,30.445371627807617,5745300,0.0,0
2020-02-06,30.723808794670386,30.791016833403656,30.051724744774287,30.33016014099121,6383600,0.0,0
2020-02-07,30.15733842691871,30.176541246925154,29.56686544633332,29.802095413208008,3716100,0.0,0
2020-02-10,29.514058563857684,29.778090929074768,29.250026198640597,29.379642486572266,3416600,0.0,0
2020-02-11,29.43724945303865,30.099732099642395,29.19721969439921,29.293231964111328,3705400,0.0,0
2020-02-12,29.514058759237678,29.85010078595749,29.427647900044533,29.706083297729492,3023400,0.0,0
2020-02-13,29.45645193520418,29.80209536968863,29.240424788651396,29.379642486572266,4543000,0.0,0
2020-02-14,29.437245260644072,29.696477802562896,29.36043582206977,29.48525047302246,3895500,0.0,0
2020-02-18,29.456450589594738,30.22454504082628,29.389242554022182,30.147735595703125,3524700,0.0,0
2020-02-19,30.14773581306058,30.531783041445234,29.97491410246708,30.262950897216797,3042600,0.0,0
2020-02-20,30.118928565281017,30.80061388826001,30.070921524912727,30.310951232910156,2460300,0.0,0
2020-02-21,30.09973104642408,30.406968833726943,29.936510743009222,29.97491455078125,3955200,0.0,0
2020-02-24,29.25482510823492,29.658075159246227,29.06280240807056,29.43724822998047,3441300,0.0,0
2020-02-25,29.39884475890069,29.590867461262558,27.10415909011521,27.24817657470703,5045600,0.0,0
2020-02-26,27.2769810185301,28.16317119001995,27.190570160839503,27.363391876220703,4157900,0.0,0
2020-02-27,26.99854741873503,27.526612142734947,26.15364166279714,26.201648712158203,4702500,0.0,0
2020-02-28,25.471958370257997,26.115238189697266,24.828678550818726,26.115238189697266,9732700,0.0,0
2020-03-02,26.30817989084158,27.263262092281504,25.914569252630994,27.243967056274414,7440100,0.13,0
2020-03-03,27.475503202599484,28.227993080001905,26.520420958247946,26.93525505065918,8503900,0.0,0
2020-03-04,27.195732376451033,27.899984657738,26.829134038194812,27.88068962097168,6341400,0.0,0
2020-03-05,27.01243534063564,27.422444783882696,26.202062133210482,26.346771240234375,3974300,0.0,0
2020-03-06,25.58463688512617,25.642520162763443,24.041068707547858,24.407665252685547,5843700,0.0,0
2020-03-09,22.458913286843316,23.46223145068201,22.063374165320447,22.256319046020508,7758500,0.0,0
2020-03-10,23.539408635112043,25.073329287030123,23.037748657361533,24.996150970458984,6696200,0.0,0
2020-03-11,24.127891689620153,24.75496567005466,23.587643535407842,24.118244171142578,6382300,0.0,0
2020-03-12,22.06337042357207,24.07000825101811,21.47488468107471,21.55206298828125,6448100,0.0,0
2020-03-13,22.989512976135256,24.118247009796796,20.78992818641435,23.944595336914062,7214500,0.0,0
2020-03-16,20.751335721689987,22.516790969640276,19.83966646480819,20.008493423461914,6308300,0.0,0
2020-03-17,20.481214653039462,23.28857842130459,19.98920219962196,21.870426177978516,7555300,0.0,0
2020-03-18,20.336503891595317,22.574676709102512,19.661192302830607,20.809221267700195,7526200,0.0,0
2020-03-19,20.432979086680035,23.925300210534314,19.81555255430275,22.439617156982422,5291400,0.0,0
2020-03-20,22.381734008782434,22.420322247240648,20.36544840726377,21.73536491394043,10607100,0.0,0
2020-03-23,21.436295492777194,22.699126815650946,20.664512388836258,21.14687728881836,8693500,0.0,0
2020-03-24,22.19843215472825,23.124571847613556,20.741689986060898,21.542415618896484,8305600,0.0,0
2020-03-25,21.947604378229194,24.253308161447357,21.35911857310944,22.574678421020508,5823500,0.0,0
2020-03-26,22.294907463749706,23.973537185059566,22.077842879081153,23.288578033447266,7085600,0.0,0
2020-03-27,22.294910690327296,23.934950571679742,21.865606138561734,22.391382217407227,4538800,0.0,0
2020-03-30,22.45891240167127,23.462230525966234,22.10196153432638,23.24034309387207,4469500,0.0,0
2020-03-31,23.37540448362663,23.703412789090393,22.526443001299143,22.671152114868164,4090400,0.0,0
2020-04-01,22.429970077250587,22.76762590879434,21.561713539049684,21.7160701751709,6706600,0.0,0
2020-04-02,22.044080906326712,22.60362423369611,21.047513901916815,21.455595016479492,6302000,0.0,0
2020-04-03,21.42664841211117,22.237021607858097,21.33982442120895,21.822189331054688,5961100,0.0,0
2020-04-06,22.671149709019268,23.705340513440554,22.401024709633372,23.40434455871582,6132500,0.0,0
2020-04-07,24.118245892455242,25.01544493406676,23.491171867266633,23.664823532104492,5777100,0.0,0
2020-04-08,23.684117437729647,25.246980627871984,23.549055845522403,25.13121223449707,4231800,0.0,0
2020-04-09,25.27592217047679,27.07996591417213,25.27592217047679,26.944904327392578,6076900,0.0,0
2020-04-13,26.356417202093603,26.52042133771736,24.98650084572928,25.62322235107422,3453900,0.0,0
2020-04-14,26.616896691940237,26.86290199390177,25.121566161412602,25.507457733154297,2853300,0.0,0
2020-04-15,25.150508239421402,25.227686557943656,23.746826306245477,24.610260009765625,2927100,0.0,0
2020-04-16,24.484840054871597,24.836001990272276,23.71305699690655,24.272600173950195,2663500,0.0,0
2020-04-17,25.02509416185134,25.3868678749387,24.041069220635404,24.610260009765625,5696900,0.0,0
2020-04-20,24.947918433902988,24.947918433902988,23.703415848417595,23.76129913330078,4242500,0.0,0
2020-04-21,23.16316385434358,24.070010426021476,23.018454745264673,23.41399383544922,5773900,0.0,0
2020-04-22,23.87706457675101,24.32566411903546,23.43328971431869,24.06036376953125,3936700,0.0,0
2020-04-23,24.388368592987838,24.928616734456202,24.12789112046568,24.504135131835938,2754500,0.0,0
2020-04-24,24.677788372032,25.738991526997903,24.48484167473781,25.34345245361328,3851300,0.0,0
2020-04-27,25.40133935528631,25.62322680081742,24.61026109551359,24.658496856689453,4908800,0.0,0
2020-04-28,25.227685328465228,25.57981150456681,24.899677030712162,25.26627540588379,3812800,0.0,0
2020-04-29,25.87405601221331,26.298537689810328,25.526752654172448,26.095943450927734,2008800,0.0,0
2020-04-30,25.758287852513387,25.758287852513387,24.94791462748536,25.26627540588379,2678300,0.0,0
2020-05-01,24.91897358874805,24.91897358874805,24.20507367366329,24.590965270996094,2457600,0.0,0
2020-05-04,24.262956175424847,24.56202192376082,23.942666987940743,24.523433685302734,4121600,0.0,0
2020-05-05,24.504139933576038,25.574990748178664,24.320840731059302,25.256629943847656,2412300,0.0,0
2020-05-06,25.266272952783066,25.787226066821113,24.127891540527344,24.127891540527344,3304300,0.0,0
2020-05-07,25.05403712456355,26.288892171563592,25.05403712456355,25.517108917236328,4475300,0.0,0
2020-05-08,25.777578543566445,26.018760983742286,24.562018824271092,25.063678741455078,4765100,0.0,0
2020-05-11,24.214719662693643,24.262955419282058,23.433288997489093,23.520112991333008,6871900,0.0,0
2020-05-12,23.433287756838613,23.587644377840693,22.40102532378261,22.429967880249023,4881100,0.0,0
2020-05-13,22.333494234770225,22.574676681884537,21.590651856039887,22.449262619018555,4581500,0.0,0
2020-05-14,22.090308346771494,22.662696797948044,21.711948718615727,22.623889923095703,3357400,0.13,0
2020-05-15,22.507471867330537,22.575382044492883,21.94478516316795,22.090307235717773,3601200,0.0,0
2020-05-18,22.982847293517004,23.555235774073815,22.35225034810753,23.29329490661621,5834600,0.0,0
2020-05-19,23.390304478329284,23.65224343075734,22.885826306282258,23.27388572692871,6195900,0.0,0
2020-05-20,23.943295583280673,24.840683341521707,23.914190425291505,24.34105682373047,4719600,0.0,0
2020-05-21,24.195530685690525,24.719410488932244,23.778366076390324,23.817171096801758,4021000,0.0,0
2020-05-22,23.76866535654982,23.933590863652626,23.526127954952372,23.807472229003906,3830600,0.0,0
2020-05-26,24.67090327242276,25.282096672755394,24.44776932074683,24.8746337890625,3797800,0.0,0
2020-05-27,25.11717124298111,25.39366371653967,24.700006640653907,25.029857635498047,5831000,0.0,0
2020-05-28,25.47612699268079,26.650007040981365,25.146276002986845,26.184335708618164,4069200,0.0,0
2020-05-29,25.93210234320687,26.61120790758168,25.91269890413015,26.494789123535156,6293700,0.0,0
2020-06-01,26.291055559166253,26.43657763477957,25.7089654062994,26.019412994384766,3167100,0.0,0
2020-06-02,26.12613138614146,27.193296412707035,25.95150414628717,27.173892974853516,4302500,0.0,0
2020-06-03,27.329114090499246,28.085831438680643,27.30971065455302,27.649263381958008,3287700,0.0,0
2020-06-04,27.94030907217282,29.279116620245645,27.77538355829178,29.2694149017334,6759100,0.0,0
2020-06-05,30.074637259934658,30.74404099448124,29.579860747479664,29.735084533691406,4189400,0.0,0
2020-06-08,28.803743465104798,29.900011749275713,28.43508556394035,29.11419105529785,4850400,0.0,0
2020-06-09,28.755232812806632,29.07053216486828,28.211949568885768,28.70672607421875,5365200,0.0,0
2020-06-10,28.600011709521233,29.230608622337193,28.270160675048828,28.270160675048828,4184300,0.0,0
2020-06-11,27.581350627793466,27.591052344859502,26.21343997850907,26.291051864624023,5928500,0.0,0
2020-06-12,27.591056524352297,27.639563266616946,26.38807118213564,26.71792221069336,3843900,0.0,0
2020-06-15,25.94180014973017,26.30075631684998,25.728367903321384,25.970905303955078,5109000,0.0,0
2020-06-16,27.532844328852764,27.862695334836225,26.630606771747576,26.989561080932617,8797100,0.0,0
2020-06-17,26.941057071291848,27.057473996718933,26.261951554783753,26.533594131469727,5295300,0.0,0
2020-06-18,26.533593197924237,26.7470254539737,26.397770989153123,26.659711837768555,4402000,0.0,0
2020-06-19,27.15448725831182,27.15448725831182,25.932098532323096,26.320158004760742,6693100,0.0,0
2020-06-22,26.164937206360637,26.824639310113394,25.718669224653617,26.756729125976562,3936700,0.0,0
2020-06-23,27.008968234167344,27.076878418202778,26.552998533919627,26.601505279541016,3022700,0.0,0
2020-06-24,26.067922294337237,26.11642903738755,25.252996428279197,25.29180145263672,3985000,0.0,0
2020-06-25,25.20448507191792,25.5828446578067,24.952245964796543,25.417919158935547,5600200,0.0,0
2020-06-26,25.33060348575378,25.379110219532592,24.772766795231043,25.14627456665039,4319200,0.0,0
2020-06-29,25.56344307753133,25.835083789209172,25.262697210853613,25.359710693359375,3931000,0.0,0
2020-06-30,25.340310312991466,26.271653112344865,25.029860862793342,25.990310668945312,4590500,0.0,0
2020-07-01,26.145531696912304,26.58209789391974,25.67015677842579,26.232845306396484,4838000,0.0,0
2020-07-02,26.562693697330683,27.270904270679356,26.562693697330683,26.74702262878418,3766400,0.0,0
2020-07-06,27.377619474122007,27.377619474122007,26.271649585747255,26.70821762084961,3668300,0.0,0
2020-07-07,26.455981176925953,26.455981176925953,26.09702499526521,26.32986068725586,5931800,0.0,0
2020-07-08,26.271651793119887,26.320158534245333,24.680606998911617,25.088069915771484,5560400,0.0,0
2020-07-09,25.252998258963878,25.277251632247253,24.6806097674901,24.981355667114258,4392200,0.0,0
2020-07-10,25.05896688966007,25.82538604736328,24.932848241771726,25.82538604736328,2464100,0.0,0
2020-07-13,26.300751518979997,26.36866168270287,25.80597508989639,26.03881072998047,2782600,0.0,0
2020-07-14,25.873891016639085,26.4268760163095,25.71866722200927,26.271652221679688,8445800,0.0,0
2020-07-15,27.028371830435127,27.212698945203904,26.601505434901718,27.10598373413086,2994200,0.0,0
2020-07-16,26.921652854215377,27.411577614497485,26.88769776441432,27.086578369140625,1977300,0.0,0
2020-07-17,27.222394163106447,27.58135028848047,26.92164833941252,27.503738403320312,2704500,0.0,0
2020-07-20,27.290308815527457,27.41642930614451,26.89254760742187,26.892547607421875,1677300,0.0,0
2020-07-21,27.02836537541272,27.60075372237383,27.02836537541272,27.503738403320312,3064200,0.0,0
2020-07-22,27.20299551607716,27.82389066438144,27.20299551607716,27.804487228393555,1954200,0.0,0
2020-07-23,27.620161139151556,28.05672924188764,27.479490839748767,27.814191818237305,2428200,0.0,0
2020-07-24,27.882099083934975,27.950009259386523,27.46493446283147,27.66866683959961,1877400,0.0,0
2020-07-27,27.70747100158034,28.134337327422514,27.629859110555714,27.950008392333984,2683100,0.0,0
2020-07-28,27.80448802792798,27.90150336024363,27.290308061944508,27.34851837158203,3500600,0.0,0
2020-07-29,27.290306393417925,27.9694118276935,27.290306393417925,27.950008392333984,2840200,0.0,0
2020-07-30,27.377620808454004,27.678368514143887,26.96045803841866,27.629859924316406,3311900,0.0,0
2020-07-31,27.552248060745693,27.843294048784234,27.18359202972641,27.70747184753418,7305100,0.0,0
2020-08-03,27.920905955857858,28.037322870799514,27.620158249696004,27.66866683959961,3600600,0.0,0
2020-08-04,27.649264385235806,28.132398115181417,27.581354207373327,27.852994918823242,4663400,0.0,0
2020-08-05,28.134335269275546,28.270155606029444,27.69776725769043,27.69776725769043,5502300,0.0,0
2020-08-06,26.077620939676876,26.436577112821926,24.467172720470167,24.661203384399414,11668200,0.0,0
2020-08-07,24.583593348832313,24.738817151554066,24.08881678375159,24.564189910888672,7460000,0.0,0
2020-08-10,24.2925473434301,24.864933916152935,24.234337034003197,24.661203384399414,8355800,0.0,0
2020-08-11,25.117171705901523,26.223143470932712,24.97650142495368,25.980606079101562,8120000,0.0,0
2020-08-12,26.38807075230416,26.48508423525322,25.35000909086159,25.573144912719727,5139300,0.0,0
2020-08-13,25.670639599474175,26.323861420210935,25.426900141879628,26.245864868164062,9040600,0.13,0
2020-08-14,26.080123525286602,27.40606684911591,25.894881005731722,27.172077178955078,5367300,0.0,0
2020-08-17,27.191571220900585,27.435310659910694,26.648520524373154,27.07457733154297,9275000,0.0,0
2020-08-18,27.152574772114495,27.708300413830994,27.113575567987663,27.688800811767578,3124700,0.0,0
2020-08-19,27.44506078378549,27.893542323828797,27.298817490574287,27.84479331970215,5122000,0.0,0
2020-08-20,27.542560747399875,28.078786849975582,27.464564189578237,28.078786849975586,4583500,0.0,0
2020-08-21,27.922792734390327,27.981291545350125,27.31344406710992,27.727802276611328,6864100,0.0,0
2020-08-24,28.14703240040756,28.254276493494622,27.493810602433346,27.82529640197754,4409500,0.0,0
2020-08-25,27.981289899821014,28.43951940121779,27.893543548126075,27.932540893554688,2344000,0.0,0
2020-08-26,27.93254090165955,28.546765363702345,27.718050852778823,28.498016357421875,2458300,0.0,0
2020-08-27,28.507765734435228,28.712507838597407,28.327399062842762,28.556514739990234,1791300,0.0,0
2020-08-28,28.663760237225112,29.073242606024806,28.400521173085767,28.7807559967041,3202600,0.0,0
2020-08-31,28.693004846710394,28.693004846710394,27.81554330580837,27.835041046142578,3974800,0.0,0
2020-09-01,27.864294467405596,28.712508590428794,27.708301364713773,28.7027587890625,3797800,0.0,0
2020-09-02,28.595513220495324,29.43397755349607,28.390772967786486,29.375478744506836,3610200,0.0,0
2020-09-03,29.17074025406717,29.453477076257915,28.38102488084899,28.673511505126953,3800800,0.0,0
2020-09-04,29.053743254067847,29.365731328847993,28.32740069548764,28.585763931274414,5136800,0.0,0
2020-09-08,28.342020766200942,28.342020766200942,27.523056128492442,27.5913028717041,4213500,0.0,0
2020-09-09,27.82529801259039,28.67351030319191,27.796048607554827,28.020288467407227,2818000,0.0,0
2020-09-10,28.000788326208106,28.527266449228428,27.97154078131886,28.41027069091797,4138000,0.0,0
2020-09-11,28.605265888697758,28.712511856341283,28.20553328513421,28.29327964782715,3131400,0.0,0
2020-09-14,28.38102317822023,28.693009387956,28.122658087370393,28.24452781677246,3917900,0.0,0
2020-09-15,28.332272450755628,28.946496891021944,28.303024907608723,28.712507247924805,3127900,0.0,0
2020-09-16,28.84900176430347,29.209735112856713,28.405396034865653,28.498016357421875,5769100,0.0,0
2020-09-17,28.176280851486702,29.014745178461247,28.02028774780555,28.839252471923828,5728400,0.0,0
2020-09-18,28.88800099359952,28.97574735104207,28.132409013030507,28.264028549194336,7175600,0.0,0
2020-09-21,27.484061933796525,27.80579794548364,27.215948900654677,27.513309478759766,6130200,0.0,0
2020-09-22,27.386564254760746,27.532807550195205,27.11357540625453,27.386564254760742,5703500,0.0,0
2020-09-23,27.211070597616445,27.601053324895325,26.704092122361736,26.7723388671875,4874200,0.0,0
2020-09-24,26.77233884989848,27.25494375305866,26.499351870771715,26.938081741333008,3031700,0.0,0
2020-09-25,26.68459255049895,27.82041728202114,26.62609375073107,27.66929817199707,2556300,0.0,0
2020-09-28,28.098284513406877,28.585763431015145,28.030037762475242,28.24452781677246,2714400,0.0,0
2020-09-29,28.049537124701015,28.293276581412872,27.771674292816254,27.87404441833496,1972000,0.0,0
2020-09-30,28.04953415218336,28.800252045599677,27.810668691702062,28.088531494140625,8009400,0.0,0
2020-10-01,28.156778609019685,28.576010733205248,27.893541433475715,27.961788177490234,4918400,0.0,0
2020-10-02,27.688803517905225,29.034246438425924,27.581559415243856,28.63451385498047,4851300,0.0,0
2020-10-05,29.02449411904663,29.52172281962708,29.02449411904663,29.355979919433594,5166300,0.0,0
2020-10-06,29.58022055053843,29.984827080810113,29.277984145561266,29.33648109436035,4972400,0.0,0
2020-10-07,29.6484671189011,30.30168893183553,29.609469773135704,29.76546287536621,5575400,0.0,0
2020-10-08,30.9890318361642,31.822620263455782,30.512277185524326,31.5203857421875,7033600,0.0,0
2020-10-09,31.6373838295827,32.846329513452865,31.481390718142382,32.59284210205078,5323300,0.0,0
2020-10-12,32.768320854061926,33.01206021927314,32.475834359641986,32.74882125854492,3968100,0.0,0
2020-10-13,32.47584991942045,32.92432967368378,32.18531212959992,32.856082916259766,5405200,0.0,0
2020-10-14,32.94382069721842,33.49954627386762,32.6318345390704,32.97306823730469,3363700,0.0,0
2020-10-15,32.349103410512654,33.2411907813645,32.349103410512654,33.13882064819336,3035100,0.0,0
2020-10-16,33.47030194186326,33.54829662929176,33.216810839590984,33.2265625,2802000,0.0,0
2020-10-19,33.40204670119674,33.67503736609032,32.358842336696775,32.680580139160156,5716500,0.0,0
2020-10-20,32.89507931114624,32.90482725315725,32.09561045698958,32.24185562133789,3697400,0.0,0
2020-10-21,32.27110324860928,32.45634761981077,31.911344308866834,32.076114654541016,3451400,0.0,0
2020-10-22,32.115109635624755,32.53434180076744,31.929868986512233,32.30035400390625,2646200,0.0,0
2020-10-23,32.31985195658664,32.65620986229627,32.212606005514175,32.33934783935547,3552400,0.0,0
2020-10-26,32.007866755876535,32.17360779872952,31.398518123324838,31.890869140625,2679000,0.0,0
2020-10-27,31.959120077723007,32.01761889301421,31.520391980131862,31.530139923095703,2268400,0.0,0
2020-10-28,30.672173945771664,31.31564599641131,30.379687326238944,31.062158584594727,3974000,0.0,0
2020-10-29,30.808668819558132,31.86649906710193,30.750171868505777,31.68613052368164,3936000,0.0,0
2020-10-30,31.578884665476885,32.154109954833984,31.30589765329694,32.154109954833984,4327700,0.0,0
2020-11-02,32.44659400223075,32.992571702541504,32.27110130281547,32.64158630371094,3722000,0.0,0
2020-11-03,32.56359718212223,32.70983864385913,31.715381083536535,32.10536575317383,3620600,0.0,0
2020-11-04,32.134604850625514,32.54896112866291,31.305892294550727,31.9591121673584,3832400,0.0,0
2020-11-05,32.31985492528437,33.58729941429826,32.2613561140982,33.09006881713867,3876100,0.0,0
2020-11-06,33.33381021822786,33.52782812528718,32.77321238498337,32.856082916259766,2576800,0.0,0
2020-11-09,34.113770836012804,35.37146341577397,33.73353421697464,33.77253341674805,4633900,0.0,0
2020-11-10,33.87978617900312,35.478716500009874,33.87978617900312,35.322723388671875,6713100,0.0,0
2020-11-11,35.45920881748492,35.975938902889766,35.244720662742964,35.71269989013672,4494500,0.0,0
2020-11-12,35.55615381173769,35.55615381173769,34.11297075181155,34.30376434326172,3750300,0.13,0
2020-11-13,34.37226404097525,35.43875342071681,34.37226404097525,35.233280181884766,3361500,0.0,0
2020-11-16,36.10407570783445,36.75962214727693,35.55615345467111,36.622642517089844,3498000,0.0,0
2020-11-17,36.211698746142055,36.49055119372996,35.771408158045794,36.22148513793945,3706200,0.0,0
2020-11-18,36.43673723860854,36.73026551143026,35.898597717285156,35.898597717285156,2329400,0.0,0
2020-11-19,35.84968338362367,36.50523358504567,35.60507582371093,36.16278076171875,3274100,0.0,0
2020-11-20,36.13831800224496,36.46609119826515,36.05514860500387,36.358463287353516,2536500,0.0,0
2020-11-23,36.72048626214776,37.47387800610795,36.71070360186409,36.97488021850586,2712000,0.0,0
2020-11-24,37.336903473802664,38.16856781101547,37.09229587669117,38.060943603515625,4449400,0.0,0
2020-11-25,37.94352778012016,38.051155715810886,37.498343911708744,37.74784469604492,2738900,0.0,0
2020-11-27,37.70870562380948,38.12943096218094,37.493449757922086,37.58150863647461,1368500,0.0,0
2020-11-30,37.58151286795969,37.7576306448947,36.92596626791397,37.49345397949219,4864600,0.0,0
2020-12-01,37.8652526792978,38.58928899819645,37.4151756451267,37.483665466308594,3367500,0.0,0
2020-12-02,37.30754323176986,37.84078588006774,37.092287401124544,37.444522857666016,3503800,0.0,0
2020-12-03,37.33689771605027,37.786974729548916,37.04336939126485,37.38581848144531,2874200,0.0,0
2020-12-04,37.56193979464262,37.982665135394925,37.42496014554476,37.81633377075195,3633500,0.0,0
2020-12-07,37.65977883035197,37.93863127909657,37.01890453189939,37.121639251708984,3012900,0.0,0
2020-12-08,36.94552568554666,37.62553816314067,36.798763383174574,37.59128952026367,4178100,0.0,0
2020-12-09,37.64021056268686,38.52079549327902,37.630424170645135,38.16856002807617,3293800,0.0,0
2020-12-10,37.83589868620332,38.38382100912159,37.6597846624099,37.90439224243164,3124000,0.0,0
2020-12-11,37.48366675506663,37.86525398117551,37.239059176031155,37.56193923950195,3131000,0.0,0
2020-12-14,39.13720913547205,39.3622476401112,37.879926441291616,37.923954010009766,3594000,0.0,0
2020-12-15,38.393596300830396,38.46991297780956,37.41516626365996,38.374027252197266,3789100,0.0,0
2020-12-16,38.45230118113,38.45230118113,37.786968431880936,38.2370491027832,3164700,0.0,0
2020-12-17,38.481659068892,38.84367717440354,38.36620428289932,38.8241081237793,4322000,0.0,0
2020-12-18,38.5697191838068,38.82411314239148,37.98755571524483,38.5599365234375,9395000,0.0,0
2020-12-21,37.82610864047019,38.76540066859587,37.49442013995184,38.6969108581543,2894300,0.0,0
2020-12-22,38.75562183453995,38.85835656034169,38.10985803491827,38.13920974731445,2713800,0.0,0
2020-12-23,38.26640627125159,38.68713156191455,38.26640627125159,38.334896087646484,2330800,0.0,0
2020-12-24,38.18812781250799,38.69691194176027,38.18812781250799,38.64799118041992,847600,0.0,0
2020-12-28,38.520799797678386,38.71648660381477,37.49344873098157,37.52280044555664,2545800,0.0,0
2020-12-29,37.835892826872076,38.08050036901348,36.86235585422549,37.121639251708984,3183900,0.0,0
2020-12-30,37.366255135188,37.85547032867919,37.190137366937904,37.610862731933594,3396800,0.0,0
2020-12-31,37.826115683115226,38.12943042326817,37.46409751303396,37.884822845458984,2316800,0.0,0
2021-01-04,38.0315846485451,38.35446843853245,37.268410210270105,37.52280044555664,3693700,0.0,0
2021-01-05,37.45430896744223,38.20770071169041,37.39560554088732,37.982662200927734,2647700,0.0,0
2021-01-06,38.47187861862347,40.61463960528723,38.148998564497724,40.18413162231445,4991400,0.0,0
2021-01-07,40.75161799377695,41.573499484266364,40.48744140050375,40.898380279541016,3986200,0.0,0
2021-01-08,41.60285077204644,42.39538054381001,41.26039797724817,42.31710433959961,4667300,0.0,0
2021-01-11,41.72026926510399,42.81611020515346,41.53926204023541,42.67913055419922,3624100,0.0,0
2021-01-12,42.561716973091755,43.88259635170434,42.15077804904883,43.61842346191406,4517800,0.0,0
2021-01-13,43.520580222841616,43.99022632895246,42.522580847700276,43.178131103515625,2634700,0.0,0
2021-01-14,43.35424632783,43.77497163981047,43.10963876190718,43.25640106201172,2113100,0.0,0
2021-01-15,42.93352098438989,43.04114891050351,42.12142207456188,42.80632400512695,3792200,0.0,0
2021-01-19,42.75739952423747,42.865027441001736,41.97465612833594,42.591064453125,2507900,0.0,0
2021-01-20,42.933517553777165,42.95308660536281,42.35624359545291,42.71826171875,2660900,0.0,0
2021-01-21,42.84545736527691,43.40316225480004,40.438520080765,40.751617431640625,6190400,0.0,0
2021-01-22,40.38959673056257,41.36802691285268,40.16455823652564,41.152774810791016,5239000,0.0,0
2021-01-25,40.761407575622506,40.94730799546071,39.22527224944083,40.40917205810547,4729600,0.0,0
2021-01-26,40.69290999228817,40.92773486999955,38.61863912423275,38.628421783447266,3252100,0.0,0
2021-01-27,37.99244447669197,38.03157884601616,35.751838539734095,37.85546112060547,5413500,0.0,0
2021-01-28,38.40338358621679,39.753618245279675,38.29575567197351,39.42095184326172,4019100,0.0,0
2021-01-29,39.06871869814302,39.51879570027958,38.530582827552344,39.00022888183594,3686800,0.0,0
2021-02-01,39.27419274753004,40.20370230511131,39.0002334502109,39.8318977355957,2761800,0.0,0
2021-02-02,40.38960430121812,40.95709570487654,40.19392121401308,40.59507751464844,2451400,0.0,0
2021-02-03,40.63420849987902,41.23105157030154,40.33383117903539,40.95709228515625,2668700,0.0,0
2021-02-04,40.94730399480594,42.39538403254281,40.31132657912835,41.73983383178711,3403300,0.0,0
2021-02-05,43.7162650896686,43.96087265900094,42.806324633159086,42.95309066772461,3533300,0.0,0
2021-02-08,42.99222206935181,43.18790885776937,42.36602733234765,42.669342041015625,2719500,0.0,0
2021-02-09,42.728046262207336,43.03136097653553,42.277969253138494,42.49322509765625,4515600,0.0,0
2021-02-10,42.522576011936806,42.6106348800943,41.32889369430913,42.111637115478516,3234700,0.0,0
2021-02-11,42.03336164326319,42.85524318298801,41.95508916598303,42.600852966308594,3030100,0.0,0
2021-02-12,42.61064360034943,43.49612565926206,42.58618507955389,43.41295623779297,1973600,0.0,0
2021-02-16,43.36402966632638,44.37670485578635,43.3542470057992,44.303321838378906,2532300,0.0,0
2021-02-17,44.02935756443535,44.200582097369626,43.266183227691236,44.009788513183594,1877600,0.0,0
2021-02-18,43.941300922227676,44.10763600007214,42.50300730801204,43.24661636352539,3106400,0.0,0
2021-02-19,43.40317277753218,44.87081836523548,43.34446561035438,44.48923110961914,3558400,0.0,0
2021-02-22,44.59685811983007,45.751402524256,44.13699465090052,45.67313003540039,4308400,0.0,0
2021-02-23,45.50678504509317,45.88348274639646,44.890376732366626,45.42851257324219,6306000,0.0,0
2021-02-24,45.48721937993908,46.132983130553576,45.32088431334869,45.40894317626953,3217000,0.0,0
2021-02-25,45.653554157829575,45.653554157829575,44.05871184570201,44.381595611572266,2920500,0.0,0
2021-02-26,44.37178726181734,44.921280668856056,43.53772888690871,44.3031005859375,4889100,0.13,0
2021-03-01,44.9605320960836,45.86327716351089,44.90165619718296,45.40209197998047,2553400,0.0,0
2021-03-02,45.46096240966655,45.93195831477865,44.86240394385449,44.9212760925293,2935800,0.0,0
2021-03-03,44.70540700575222,45.09790173667266,44.25403263763657,44.489532470703125,2842400,0.0,0
2021-03-04,44.24422339643077,44.4895340154522,42.262113145560456,43.02748107910156,3530300,0.0,0
2021-03-05,43.51809857763317,44.17062566651282,42.09530010408437,43.99890899658203,2853600,0.0,0
2021-03-08,44.48953419254175,45.441340595939295,44.01853825132297,44.05778884887695,3485300,0.0,0
2021-03-09,44.18534277936659,44.60727729845345,43.72416141021831,43.87134552001953,3973900,0.0,0
2021-03-10,44.17553708942557,46.25577010792319,44.05778903939744,46.1183967590332,3388500,0.0,0
2021-03-11,46.36370968477218,46.775829751928086,45.873088418266654,45.98102569580078,2487700,0.0,0
2021-03-12,46.11839404666489,46.20670601477783,45.36283692906367,46.02027130126953,2176700,0.0,0
2021-03-15,45.9810199368024,46.02027053156118,44.69559103202286,45.95158386230469,2993300,0.0,0
2021-03-16,45.95158632633832,46.00064770084622,45.00174134658511,45.30396270751953,2300400,0.0,0
2021-03-17,45.333405220768064,46.412770496656975,45.31868718185534,46.37351989746094,2711100,0.0,0
2021-03-18,46.36370856492159,47.08001514754108,45.740621218492386,46.07914733886719,3180700,0.0,0
2021-03-19,45.853461598110165,46.775828201026975,45.20584169752111,46.18708419799805,9286600,0.0,0
2021-03-22,46.707141317832935,47.06038921533735,45.97120944574643,46.41276931762695,3358900,0.0,0
2021-03-23,45.81420731533438,46.1183938135509,44.71521685126165,44.98996353149414,4287200,0.0,0
2021-03-24,45.30396021290281,45.93195849870977,45.12734002302839,45.323585510253906,3425200,0.0,0
2021-03-25,45.06846841141925,46.226334863105016,44.74465658908572,45.902523040771484,3739800,0.0,0
2021-03-26,46.461824944128836,47.14869535503761,46.0300796467983,47.011322021484375,3358500,0.0,0
2021-03-29,46.88376173549125,47.570632179668316,46.628640352698916,46.87395095825195,4063200,0.0,0
2021-03-30,46.68752292037203,46.99170571913474,45.86327901814783,46.05952453613281,2573000,0.0,0
2021-03-31,45.981021378202485,46.40295592722922,45.38737015065158,45.745521545410156,3814100,0.0,0
2021-04-01,46.05952294651483,46.098773546014534,45.17640691663079,45.863277435302734,2976900,0.0,0
2021-04-05,46.00064753545267,46.35389541966813,45.765147698261394,46.15764617919922,3039100,0.0,0
2021-04-06,46.216514671057865,47.07019823801937,46.02026918927339,46.844512939453125,2541300,0.0,0
2021-04-07,46.90339275710017,46.90339275710017,45.667028801212524,45.87308883666992,2208900,0.0,0
2021-04-08,45.63758553709749,46.236144041446266,45.31377746911028,46.04970932006836,2181800,0.0,0
2021-04-09,46.38333358717556,46.75129952596865,45.94177371199523,46.2459602355957,2552900,0.0,0
2021-04-12,46.47163970228857,46.75620089076066,45.951582438844326,46.216514587402344,2449800,0.0,0
2021-04-13,46.22633312103312,46.31464509260116,45.63758539619855,45.9908332824707,2542700,0.0,0
2021-04-14,45.95158651416897,46.74639051661733,45.892710618633075,46.33427047729492,2958000,0.0,0
2021-04-15,46.697333530261126,46.81998885013015,45.993783543791935,46.62864685058594,2190300,0.0,0
2021-04-16,47.07020542063554,47.237014854234936,46.40296019995156,46.6090202331543,2834900,0.0,0
2021-04-19,46.815081589255264,46.98189477071166,46.0202775121157,46.62864685058594,3157200,0.0,0
2021-04-20,46.47164583984864,46.92792375640376,45.784775334702665,46.07914733886719,2421900,0.0,0
2021-04-21,46.000652308889755,47.394014948835185,45.85346442747882,47.3743896484375,2732600,0.0,0
2021-04-22,47.43326012260392,47.95331742263902,46.79545103365518,47.178138732910156,3445600,0.0,0
2021-04-23,47.18795118903263,47.99747698668241,47.05057784022283,47.71782302856445,2501300,0.0,0
2021-04-26,47.80613542160464,48.41450471873713,47.732541486055155,47.95331954956055,1890000,0.0,0
2021-04-27,47.8748182472188,48.345814156464606,47.68837979306503,48.237876892089844,2083400,0.0,0
2021-04-28,48.493000225879776,48.875687926752946,48.13975608707385,48.26731491088867,2641600,0.0,0
2021-04-29,48.63037872314453,48.79718814826507,48.10050688486223,48.63037872314453,1809000,0.0,0
2021-04-30,48.47337717039356,48.82171778121569,47.78650672599181,47.84537887573242,2426100,0.0,0
2021-05-03,48.306566567951236,49.04249842378805,48.149567921765104,48.79718780517578,2480700,0.0,0
2021-05-04,48.08088138735764,48.90512521800949,47.845381545824395,48.85606384277344,3447100,0.0,0
2021-05-05,46.65807434458274,47.08982338669271,45.93195708072207,46.78563690185547,4184300,0.0,0
2021-05-06,46.9132015397083,47.541196090836685,45.69645928953996,47.50194549560547,3228800,0.0,0
2021-05-07,47.37438194394961,48.36838097573546,47.27625920106221,47.943504333496094,3362700,0.0,0
2021-05-10,48.26731979257171,49.042502307122106,45.96140129228394,46.10858917236328,5547300,0.0,0
2021-05-11,45.42171379139104,46.3637056426007,44.84278059766248,46.20670700073242,4086200,0.0,0
2021-05-12,46.63845308146893,46.70713975444647,44.19516144408398,44.33253479003906,4909600,0.0,0
2021-05-13,44.48014046574317,45.49373536860506,44.16523712205901,45.18867111206055,6047400,0.13,0
2021-05-14,45.592148750094246,46.04482187453446,45.36580843392986,45.582305908203125,2211900,0.0,0
2021-05-17,45.798809201767384,45.92673613105236,45.1591595395635,45.48390579223633,4149000,0.0,0
2021-05-18,45.22804075774841,45.55278698408407,44.97218316598395,45.050907135009766,3353400,0.0,0
2021-05-19,44.60807721050939,44.70648311111253,43.73224817778574,44.106197357177734,3138400,0.0,0
2021-05-20,44.07667372431957,44.21444347857289,43.38782119910872,43.42718505859375,4225900,0.0,0
2021-05-21,43.94874191546407,44.56870954743144,43.88969612777151,43.98810577392578,4346100,0.0,0
2021-05-24,44.32269760033389,44.726167824215814,44.19771751898124,44.430946350097656,4032000,0.0,0
2021-05-25,44.381735018812684,44.98694216855351,43.87001985242553,43.88969802856445,3549500,0.0,0
2021-05-26,44.066829681396484,44.30300907792508,43.65352042990163,44.066829681396484,4609100,0.0,0
2021-05-27,44.57854848388226,45.070585451152354,44.3325300002472,44.4604606628418,3708600,0.0,0
2021-05-28,44.69663620563762,44.95249753025844,44.4309395473728,44.77536392211914,3028100,0.0,0
2021-06-01,45.26739790685401,45.436659482985924,44.97709791782269,45.237876892089844,2543100,0.0,0
2021-06-02,45.3756534239123,45.380574845090834,44.68680086275045,44.93281936645508,2729400,0.0,0
2021-06-03,44.59823016796553,45.43469150615043,44.42109656040616,45.247718811035156,3318100,0.0,0
2021-06-04,45.464218192521344,45.62462047786749,45.080429944618324,45.2280387878418,1437600,0.0,0
2021-06-07,45.267405542432,45.542945070558474,44.48998615499573,45.19852066040039,1989000,0.0,0
2021-06-08,45.041064241517645,45.611825169056075,44.74584281320852,45.16899490356445,2464800,0.0,0
2021-06-09,45.119789287987466,45.228038023555335,44.686798099660194,44.765525817871094,3077400,0.0,0
2021-06-10,45.208357374276005,45.277242252689206,43.840495140150516,43.850337982177734,2921800,0.0,0
2021-06-11,44.17508621070849,44.57855644577345,43.59448233547406,43.83066177368164,2942800,0.0,0
2021-06-14,43.76177134492078,43.8503381537907,43.01387301358713,43.259891510009766,2263800,0.0,0
2021-06-15,43.387823043695526,43.9585840147166,43.01387387057829,43.60432052612305,2747700,0.0,0
2021-06-16,43.54527591652465,43.584639778751814,42.83182374489387,43.00403594970703,3422100,0.0,0
2021-06-17,42.96466733859914,43.08275515828386,41.8329808252929,42.817054748535156,5380700,0.0,0
2021-06-18,42.05932137088937,42.502151635717674,41.911708779983854,42.0297966003418,7900400,0.0,0
2021-06-21,42.46279323782387,43.10243906491408,42.46279323782387,42.718650817871094,3819300,0.0,0
2021-06-22,42.77769279725363,43.00402933935174,42.41358275853828,42.7973747253418,2226100,0.0,0
2021-06-23,42.78753944712781,43.323861758981046,42.78753944712781,42.87610626220703,2627100,0.0,0
2021-06-24,43.1418044822434,44.16032092614832,42.767855309647345,43.643680572509766,3528900,0.0,0
2021-06-25,43.938904904821555,44.01762887152211,43.29925531338697,43.45670700073242,3675800,0.0,0
2021-06-28,43.44686975471918,43.75685172152656,42.87118359644192,43.63384246826172,3515000,0.0,0
2021-06-29,44.02747165449918,44.34237502876755,43.48622796065261,43.57479476928711,2121800,0.0,0
2021-06-30,43.72240829471711,43.75685073469672,43.33369861269328,43.643680572509766,3230200,0.0,0
2021-07-01,43.83065789664595,44.184925145648236,43.37306332567542,43.90938186645508,2103800,0.0,0
2021-07-02,44.022552094329406,44.10619748547984,43.49607264128771,43.79129409790039,1833900,0.0,0
2021-07-06,43.74208842497339,43.79129137235572,43.12212077691205,43.387821197509766,2183600,0.0,0
2021-07-07,43.06307427278561,43.64367805172463,42.197091902188994,42.68912887573242,3348100,0.0,0
2021-07-08,42.25613027359317,42.60055837758396,41.88316844224863,42.21677017211914,2307700,0.0,0
2021-07-09,42.8564205742201,42.92530545169447,42.27089911568797,42.75801467895508,3265600,0.0,0
2021-07-12,42.20692896690508,43.3090906837103,42.010113436132436,43.10243606567383,2485500,0.0,0
2021-07-13,43.22052700110966,43.39766061619161,42.265977801995035,42.364383697509766,2388200,0.0,0
2021-07-14,42.41358868208912,42.984353414528336,41.90187349610534,41.99043655395508,3114200,0.0,0
2021-07-15,41.72474092051362,42.35454770733813,41.44919763581948,41.74441909790039,2904400,0.0,0
2021-07-16,41.81330512927765,41.970756816173456,40.93255846528585,41.144134521484375,3419700,0.0,0
2021-07-19,40.48479945349982,40.661933054975854,39.953398649071715,40.27814483642578,4629200,0.0,0
2021-07-20,40.25846643476668,41.350789154910515,40.09117565979765,41.065406799316406,2978300,0.0,0
2021-07-21,41.57712554827802,42.0002776589074,41.39507051102537,41.53776168823242,3482700,0.0,0
2021-07-22,41.665694268475846,41.70997579760102,41.060487092820445,41.59680938720703,1458500,0.0,0
2021-07-23,41.78377255258227,41.78377255258227,41.232693628352166,41.45903015136719,1590300,0.0,0
2021-07-26,41.58696648261528,41.773942949160734,41.18349628409621,41.675533294677734,2840200,0.0,0
2021-07-27,41.33110694212136,41.90187164940583,40.750503146824265,41.852664947509766,2860100,0.0,0
2021-07-28,41.990437471813905,42.46279631433783,41.7739437357637,42.1380500793457,2819800,0.0,0
2021-07-29,42.580884011829426,43.08276011873241,42.4234323161398,42.531681060791016,2394500,0.0,0
2021-07-30,42.128207174763226,42.80229542837044,42.03964036905533,42.09868240356445,2116200,0.0,0
2021-08-02,42.315181911581824,42.758015961445395,41.77394196350163,41.803462982177734,1803300,0.0,0
2021-08-03,41.921551546982684,42.418509975775464,41.59680907400974,42.38406753540039,3147200,0.0,0
2021-08-04,42.10852832944998,42.20693423013558,41.567288367790255,41.59680938720703,2159000,0.0,0
2021-08-05,41.65585450136706,41.990436059825186,40.75050446324188,40.780025482177734,5051800,0.0,0
2021-08-06,43.29925883565651,44.982024584913724,43.05324031954483,44.04715347290039,6031100,0.0,0
2021-08-09,44.145557304104464,44.83440980907143,43.85033587453123,44.4604606628418,4724200,0.0,0
2021-08-10,44.44078144559618,45.10011297402359,44.31285077519485,44.903297424316406,3043700,0.0,0
2021-08-11,44.92298408432469,45.14932067643689,44.61791976246313,45.01155090332031,2455500,0.0,0
2021-08-12,45.02142064709375,45.584064709492026,44.52787295969385,45.465614318847656,2987400,0.14,0
2021-08-13,45.544573102425254,45.73212360517207,45.307672356966435,45.39651107788086,2872700,0.0,0
2021-08-16,44.91283277048882,45.07076785598605,44.52786623493117,44.58708953857422,4732800,0.0,0
2021-08-17,44.41928406925872,44.666057869643495,43.7678013868617,44.488380432128906,6382800,0.0,0
2021-08-18,44.24161169750497,44.740095885691154,43.33348581553192,43.37296676635742,3524700,0.0,0
2021-08-19,42.701740839558155,43.121259352649496,41.921938417632106,42.00090408325195,2458000,0.0,0
2021-08-20,41.94167859013916,42.25754876710038,41.29512864455674,41.398773193359375,3006200,0.0,0
2021-08-23,41.62580401984971,41.82322381884009,41.314870378131744,41.40864562988281,3609800,0.0,0
2021-08-24,41.46787171980651,42.267420264974675,41.46787171980651,42.00090408325195,3524600,0.0,0
2021-08-25,41.92193454725246,43.39764082390153,41.72451475322474,43.21502685546875,3784400,0.0,0
2021-08-26,43.28412102025354,43.96028255668019,43.09657429646044,43.42231750488281,3495500,0.0,0
2021-08-27,43.65922110382521,44.256413259728035,43.530897670967015,43.609867095947266,2580300,0.0,0
2021-08-30,43.69870647528622,43.69870647528622,43.14593178849695,43.19528579711914,1854900,0.0,0
2021-08-31,43.32361083214249,43.461803567576816,42.9189019217407,43.40258026123047,4187000,0.0,0
2021-09-01,43.78754676628484,43.92080297088746,43.0768369671519,43.807289123535156,2518000,0.0,0
2021-09-02,43.86651150485278,44.84373745805492,43.8368998523365,44.34031677246094,2817600,0.0,0
2021-09-03,44.231739458078074,44.88815493682933,44.231739458078074,44.34031677246094,3472000,0.0,0
2021-09-07,44.04418549356479,44.1823782150858,43.71844604504659,43.757930755615234,2455100,0.0,0
2021-09-08,43.76780095600906,44.024444049076294,43.03734885725423,43.57038116455078,3013300,0.0,0
2021-09-09,43.35322506919011,43.570387246655386,42.958389196626705,43.017616271972656,2703300,0.0,0
2021-09-10,43.55064382808758,43.55064382808758,42.80045305264952,42.859676361083984,2061200,0.0,0
2021-09-13,43.0373491732599,43.28412297302737,42.06999633002772,42.58328628540039,1907400,0.0,0
2021-09-14,42.80044855230091,42.899156566292646,41.61593355705318,41.71464157104492,1787500,0.0,0
2021-09-15,41.754129586505556,42.53393576133609,41.689969748881396,42.41548538208008,2177900,0.0,0
2021-09-16,42.34638391371488,42.42534956855206,41.75412455782458,42.030513763427734,2711200,0.0,0
2021-09-17,41.90219077385648,42.37599600421374,40.77690288107433,41.329673767089844,7032100,0.0,0
2021-09-20,40.470903901169095,41.033547873679495,40.194518445330836,40.95458221435547,2506600,0.0,0
2021-09-21,41.1322579528089,41.260581391801544,40.60416213578368,40.865745544433594,3350900,0.0,0
2021-09-22,41.339549888597595,41.847903336973644,41.24083810487876,41.398773193359375,2126700,0.0,0
2021-09-23,41.655419948387966,42.237806291547585,41.576450521635024,41.862709045410156,2644000,0.0,0
2021-09-24,41.70477287044374,42.000900682110405,41.48761071800246,41.763999938964844,2311800,0.0,0
2021-09-27,41.8232245092668,43.00773955729387,41.8232245092668,42.8991584777832,2967200,0.0,0
2021-09-28,43.01761333901392,43.44206083757636,42.13416262738768,42.484580993652344,2988400,0.0,0
2021-09-29,42.62277402400823,42.67212803437282,42.060130021818765,42.30690383911133,2024700,0.0,0
2021-09-30,42.34638989094289,42.52406734624238,41.517229688035194,41.53697204589844,2433200,0.0,0
2021-10-01,41.80347962430264,43.29893199420814,41.6455445451486,42.93864059448242,3540600,0.0,0
2021-10-04,43.03735339074939,43.30386957247211,41.86271134431493,42.00090408325195,2853900,0.0,0
2021-10-05,42.13909468667808,43.31867320414479,41.931805588777465,42.8991584777832,3173800,0.0,0
2021-10-06,42.29702574110499,42.47963969972521,41.03157204612217,41.4579963684082,3050200,0.0,0
2021-10-07,41.92193855036822,42.49445186570146,41.74426109532383,41.941680908203125,2005400,0.0,0
2021-10-08,42.208189620216466,42.64251392351937,41.95154652183063,42.22793197631836,1402700,0.0,0
2021-10-11,42.37599957315685,42.8300624864738,41.872578884743625,41.91206359863281,1257900,0.0,0
2021-10-12,41.66528873274168,42.01077432234222,41.24083748282666,41.40864562988281,1609000,0.0,0
2021-10-13,41.77387380996463,41.80348546473394,40.83613249908139,41.694908142089844,2374000,0.0,0
2021-10-14,42.04038493809475,43.04722249920737,41.98115787021658,42.81031799316406,1530600,0.0,0
2021-10-15,43.11632118295784,43.35815846690524,42.77083934874727,42.94851303100586,2226100,0.0,0
2021-10-18,41.87751533421119,42.95838584064875,41.56658168524278,42.72148132324219,2104600,0.0,0
2021-10-19,42.948512868813545,43.11138448952756,42.375999579216725,43.06696701049805,1418600,0.0,0
2021-10-20,42.987995515193525,43.95534836627455,42.987995515193525,43.56051254272461,2084900,0.0,0
2021-10-21,43.26438573335716,43.432190115012546,42.04038599149115,42.158836364746094,2653300,0.0,0
2021-10-22,42.19832229614258,42.69186992533723,42.030517909641794,42.19832229614258,1875700,0.0,0
2021-10-25,42.435222705143026,42.54380001005577,41.94167512374809,41.97128677368164,3361100,0.0,0
2021-10-26,42.09961306085336,42.301965624935995,41.76301021360136,42.158836364746094,1656700,0.0,0
2021-10-27,41.9120635586007,42.00090228203174,41.52709701222274,41.56658172607422,2147300,0.0,0
2021-10-28,41.64554776140477,42.583289013695776,41.64554776140477,42.484580993652344,2593400,0.0,0
2021-10-29,42.35625801429177,42.92877508006369,42.139095849279016,42.593162536621094,3683900,0.0,0
2021-11-01,42.612898768397976,42.869545633829766,42.297028599766094,42.45496368408203,2651700,0.0,0
2021-11-02,42.49444805654516,42.78070657128674,41.59619156565937,42.28715896606445,4306700,0.0,0
2021-11-03,42.06999443119887,44.557474672438936,42.06999443119887,44.23173522949219,4392900,0.0,0
2021-11-04,44.912836061539274,47.035092458547155,44.59696586739899,46.7883186340332,4465900,0.0,0
2021-11-05,47.064702460724945,47.943216642686544,46.68960520629687,46.98573303222656,2727300,0.0,0
2021-11-08,47.291730522743315,47.558246676578506,45.8110877339718,45.93941116333008,4538200,0.0,0
2021-11-09,46.01838281982249,47.49902580161638,46.00851352341726,47.23250961303711,2541700,0.0,0
2021-11-10,46.97510692757667,47.69780041550632,46.82660666194622,47.20280456542969,2025300,0.14,0
2021-11-11,47.13351013942668,47.81660312096946,47.084011304796455,47.21270751953125,1397400,0.0,0
2021-11-12,47.42060803493043,48.28189983086965,47.35625615190233,48.21260070800781,3811500,0.0,0
2021-11-15,48.57394253553765,48.90559263293845,47.60870211609913,47.88589859008789,1790700,0.0,0
2021-11-16,48.380896069098696,48.60859371984728,47.915602511707604,47.9453010559082,1645700,0.0,0
2021-11-17,47.747302356943955,48.24229823927991,47.5691035371815,47.8661003112793,1533100,0.0,0
2021-11-18,48.09380383784987,48.50959858441572,47.79680327428107,48.182899475097656,2404900,0.0,0
2021-11-19,47.84630481824928,48.00470335290926,47.16815908546055,47.33150863647461,3253700,0.0,0
2021-11-22,47.470106344200396,48.276948280898644,47.06420986770228,47.0741081237793,2710700,0.0,0
2021-11-23,47.22260560731181,47.50970411130905,46.549410938327306,47.42060470581055,2005200,0.0,0
2021-11-24,47.064211671397025,47.37110671629189,46.79691342884666,47.093910217285156,1291900,0.0,0
2021-11-26,45.73761704125009,46.53950789682399,45.65841589296108,46.36131286621094,1306500,0.0,0
2021-11-29,46.82166051917835,46.92561298185012,45.96531972426899,46.12371826171875,2080700,0.0,0
2021-11-30,45.836617744452084,45.955415698257276,44.32193155974964,44.54962921142578,4761900,0.0,0
2021-12-01,45.32182148052364,46.49991408971766,44.19323148045317,44.21303176879883,2598900,0.0,0
2021-12-02,44.52982922169469,46.03461716055532,44.43577879535375,45.727718353271484,2705200,0.0,0
2021-12-03,45.78711717351155,47.0246068268497,45.11887351601269,45.579219818115234,3760300,0.0,0
2021-12-06,46.173213416802795,47.07410573484907,45.87621665481851,46.62860870361328,3202300,0.0,0
2021-12-07,47.20280705011725,47.93539883194282,47.01470997673368,47.2721061706543,2661700,0.0,0
2021-12-08,47.608701604657824,47.86609778823675,47.02163799954715,47.628501892089844,2712200,0.0,0
2021-12-09,47.321607301260784,47.93540116005031,47.252308177358046,47.5493049621582,1983900,0.0,0
2021-12-10,47.915605992988375,48.173002206638536,47.212708924848506,47.48000717163086,2242500,0.0,0
2021-12-13,47.123604216755794,47.17310682381882,46.084113669250044,46.16331481933594,2268800,0.0,0
2021-12-14,46.074213286724756,46.559307090790945,45.66336583678813,45.84651565551758,2425100,0.0,0
2021-12-15,45.797016112470374,45.797016112470374,44.66842613602773,45.628719329833984,2913100,0.0,0
2021-12-16,45.975214956444646,46.98005974286192,45.836616717357785,46.50981140136719,3363800,0.0,0
2021-12-17,46.6682128972681,46.6682128972681,45.48022198070393,45.61882400512695,6903500,0.0,0
2021-12-20,45.22282520145944,45.22282520145944,43.450738993654106,44.31203079223633,3372700,0.0,0
2021-12-21,44.81692876351448,45.65842027397564,44.61892965031216,45.36142349243164,2223400,0.0,0
2021-12-22,45.391124310117014,45.757424009661584,45.19312896352111,45.4703254699707,2940500,0.0,0
2021-12-23,45.55942118596394,46.32171529330183,45.4802200325434,45.975215911865234,1923800,0.0,0
2021-12-27,45.92571501424475,46.55930910704492,45.78711677850955,46.53950881958008,1310500,0.0,0
2021-12-28,46.47021251227985,47.06420984259461,46.34151630075273,46.90581130981445,1616700,0.0,0
2021-12-29,46.73751182956864,47.05430890248415,46.559313003988784,46.8761100769043,1160900,0.0,0
2021-12-30,47.024612569800176,47.28200878746117,46.589017518174195,46.648414611816406,1192200,0.0,0
2021-12-31,46.47021112748746,46.94540671166729,46.41081403978923,46.80680847167969,1457000,0.0,0
2022-01-03,46.92561034521836,47.30180449019975,46.32171477496031,46.43061447143555,2071200,0.0,0
2022-01-04,46.63851383378392,47.84630502613838,46.63851383378392,47.291908264160156,2529200,0.0,0
2022-01-05,47.53940427028578,47.7770001753458,46.737509593540885,46.7672119140625,2498600,0.0,0
2022-01-06,47.064207083816555,47.76710029579433,46.59890976882232,47.42060470581055,2685800,0.0,0
2022-01-07,47.42060949553665,48.31159986399757,47.32160804802828,47.935401916503906,2463600,0.0,0
2022-01-10,47.81660671741369,47.81660671741369,46.3514191983471,46.915714263916016,2145200,0.0,0
2022-01-11,47.034508648534064,48.00470393364722,46.77711244279235,47.92550277709961,1867000,0.0,0
2022-01-12,48.479898081277526,48.85609223397606,48.00470248588026,48.37099838256836,1988000,0.0,0
2022-01-13,48.331397601058825,48.91549289269468,48.054201115712615,48.41059875488281,2107800,0.0,0
2022-01-14,47.83640138645507,48.291796688218554,47.336454491845785,48.11359786987305,2039600,0.0,0
2022-01-18,47.65820312499999,47.87600252252704,47.27210693957944,47.658203125,1877800,0.0,0
2022-01-19,47.945298884980076,48.014598002656236,46.697907213771956,46.74740982055664,2530800,0.0,0
2022-01-20,47.024609960736655,47.49980556610498,45.935620503832446,46.07421875,2191200,0.0,0
2022-01-21,45.70791535662455,46.282112360131606,44.86642391522962,44.98522186279297,2360700,0.0,0
2022-01-24,44.252637069665376,45.826724284257125,43.30224578672827,45.608924865722656,3365500,0.0,0
2022-01-25,44.58922895990547,45.965316876853,43.77743603369874,45.58911895751953,4314600,0.0,0
2022-01-26,45.97521918858061,46.6385156779357,44.930777506651275,45.549522399902344,2986200,0.0,0
2022-01-27,46.01481816993517,47.07410908826837,45.836619344746495,46.3712158203125,2506200,0.0,0
2022-01-28,46.292013249248946,47.0048085282196,45.63861883569881,46.985008239746094,2271500,0.0,0
2022-01-31,46.965206590637486,47.717602424757395,46.78700777605745,47.59880447387695,2573500,0.0,0
2022-02-01,47.47010622734491,47.85620241421963,46.88601093074704,47.4503059387207,4429000,0.0,0
2022-02-02,47.39090401574154,47.87600163491664,47.183006654603126,47.6483039855957,3597400,0.0,0
2022-02-03,47.55920244375118,48.856089161125134,46.89590603720442,48.04429626464844,4054900,0.0,0
2022-02-04,47.76710572883265,50.24703631684299,47.76710572883265,49.74708938598633,4931500,0.0,0
2022-02-07,49.846085083406614,49.99458536241742,48.85609329405181,49.05409240722656,4646600,0.0,0
2022-02-08,49.153095149120794,49.91538552370254,48.846196326775555,49.86588668823242,4336000,0.0,0
2022-02-09,50.34107703840428,51.108322125717436,50.291578208114096,51.024173736572266,2901500,0.0,0
2022-02-10,50.786574325686516,51.855767192752126,50.192580806106974,50.44007873535156,4628200,0.0,0
2022-02-11,50.42028361270492,51.222178345147384,49.964888282610275,50.53908157348633,3194800,0.0,0
2022-02-14,50.687583653769195,51.03407929188149,49.86588860264688,50.390586853027344,5552300,0.0,0
2022-02-15,49.93518303672957,50.6182797684009,49.69758712907604,50.380680084228516,4652900,0.0,0
2022-02-16,50.76677418026696,51.3805717656051,50.39058004585562,50.94497299194336,3283700,0.0,0
2022-02-17,50.34603041312752,51.06377670377729,49.95498321543258,50.75687789916992,2920200,0.0,0
2022-02-18,50.97467941944803,51.291476493175985,49.974785587072475,50.19258499145508,2670100,0.0,0
2022-02-22,50.21238637081138,50.727182570926026,49.7470890064441,50.16288375854492,2923700,0.0,0
2022-02-23,50.47968115899377,50.994473547338096,49.80648646467416,49.915382385253906,3330800,0.0,0
2022-02-24,49.10359425129027,49.65304003018304,48.51949890870692,49.54909133911133,3156900,0.0,0
2022-02-25,49.786688100085904,51.34097491059398,49.67778839877965,51.32117462158203,3414300,0.0,0
2022-02-28,50.636231354286224,51.67854068973019,50.278872373079246,51.64875793457031,4551900,0.14,0
2022-03-01,51.73810039278747,51.97634350847097,49.653489224226796,50.00092315673828,3091100,0.0,0
2022-03-02,50.457553023628826,51.43037177405647,50.36821233293926,50.92410659790039,4594300,0.0,0
2022-03-03,51.271542703469535,51.39066235843059,50.551852776787946,51.142494201660156,3877000,0.0,0
2022-03-04,50.66600863765645,51.15241607403695,49.75274790854632,51.102783203125,5847100,0.0,0
2022-03-07,51.509781060426924,53.62417477728209,50.725568790721866,50.84469223022461,8059100,0.0,0
2022-03-08,50.68586574861275,51.36088343858845,49.19685680662143,49.71304702758789,5231200,0.0,0
2022-03-09,50.04062401311665,51.549486771239074,49.852017588380846,51.15241622924805,4827300,0.0,0
2022-03-10,50.67593725848298,53.296592408956215,50.67593725848298,53.19732666015625,4712500,0.0,0
2022-03-11,53.445495784085985,54.636703724925816,52.968021237737645,53.25688934326172,4039100,0.0,0
2022-03-14,53.544756427768505,54.39845543372668,52.820105914669085,53.81277847290039,4971100,0.0,0
2022-03-15,53.723438782339606,55.03376628043969,53.4752706382033,54.587066650390625,5530400,0.0,0
2022-03-16,55.08340757860073,55.68893472043365,53.544761925951875,54.3587532043457,5367600,0.0,0
2022-03-17,54.011313512913695,55.55491963735886,54.00138845354139,55.381202697753906,4400000,0.0,0
2022-03-18,55.39112869496967,55.56981006065872,54.63669920730676,55.44076156616211,11274700,0.0,0
2022-03-21,55.77827389259577,56.56248618159091,55.177707403958905,56.53270721435547,5814000,0.0,0
2022-03-22,56.830509058116256,56.91984974784338,55.877544225524,56.0661506652832,5106500,0.0,0
2022-03-23,56.75109101505696,57.30698903713279,56.03636931438287,56.98933410644531,3902500,0.0,0
2022-03-24,57.227579088087786,58.30959241483939,57.19779633396458,58.061424255371094,4758800,0.0,0
2022-03-25,58.09120348319867,59.37175210061533,58.09120348319867,59.351898193359375,4670200,0.0,0
2022-03-28,58.905191566171304,59.14343465363231,58.170612184349814,58.59746170043945,3276600,0.0,0
2022-03-29,57.426112165912095,57.69413423991993,55.83783741632383,57.604793548583984,4215100,0.0,0
2022-03-30,58.101126354478275,58.65702437646442,57.56508602574555,57.942298889160156,3440100,0.0,0
2022-03-31,57.61472067092199,58.50812377078871,56.93970297586949,57.05882263183594,4327800,0.0,0
2022-04-01,57.485671677635935,58.02171580503054,57.21764961393863,57.86288833618164,2430900,0.0,0
2022-04-04,57.90259580470729,58.44856498894722,56.924812667073105,58.2401008605957,2356800,0.0,0
2022-04-05,58.36915274114985,58.70666160332529,57.61472317162309,57.852962493896484,3220000,0.0,0
2022-04-06,57.773547641884825,58.30959176922007,57.44596385737588,57.6246452331543,2868800,0.0,0
2022-04-07,57.79340218873586,58.31951747505006,57.49063673124489,58.061424255371094,2321800,0.0,0
2022-04-08,58.766216917901,59.8680840767906,58.42870809253613,59.2029914855957,2478900,0.0,0
2022-04-11,59.31218719482422,59.6298421203757,58.91511664451217,59.31218719482422,2487700,0.0,0
2022-04-12,59.401525388589135,60.285003349906354,59.17321115709386,60.18573760986328,2813000,0.0,0
2022-04-13,60.394200489854434,60.76148828763939,59.669549954010414,60.503395080566406,2193500,0.0,0
2022-04-14,60.880612666297004,61.287608282770286,60.433909236815246,60.56295394897461,3714400,0.0,0
2022-04-18,60.58280691860986,61.0493642473809,60.275080839416546,60.503395080566406,3289700,0.0,0
2022-04-19,60.900461677154034,61.37694785108883,60.19566504944131,60.69200134277344,3865400,0.0,0
2022-04-20,61.10892867557759,61.43154425203741,59.96735363246477,60.87068557739258,4258500,0.0,0
2022-04-21,61.426583156110446,61.58541062479789,59.65962330687392,59.76881790161133,3942200,0.0,0
2022-04-22,59.40152735836939,59.72910734077043,56.77094350579885,57.257354736328125,4987500,0.0,0
2022-04-25,56.47314657599474,57.108456467503366,55.371279326208246,56.88014221191406,4215500,0.0,0
2022-04-26,56.82058062848007,57.34669588859481,56.08600124686641,56.215049743652344,4118800,0.0,0
2022-04-27,56.51285187908558,57.485670580562704,56.07607729477304,56.80072784423828,4522700,0.0,0
2022-04-28,57.28713338330405,57.62960663337105,56.448327632578824,57.39632797241211,4599700,0.0,0
2022-04-29,57.64449722458236,58.45848844863718,57.14816092763452,57.26728057861328,6933100,0.0,0
2022-05-02,57.34669893439166,57.57501318744966,55.7385703159965,56.91984939575195,5231600,0.0,0
2022-05-03,56.98933361756245,57.15808992808683,56.086001706154384,56.840431213378906,5304900,0.0,0
2022-05-04,57.09853255579039,58.781112432124736,56.63197518812687,58.706661224365234,5025300,0.0,0
2022-05-05,55.937100250696865,59.16328624426446,55.9172501307648,57.61471939086914,6842900,0.0,0
2022-05-06,56.72131288181264,56.850361382657915,54.42824155390226,55.331573486328125,5236400,0.0,0
2022-05-09,54.63173587278211,54.63173587278211,52.562014430178,52.691062927246094,5314400,0.0,0
2022-05-10,53.85248638892608,53.98153488203616,51.88103862385139,52.43296432495117,4323300,0.0,0
2022-05-11,52.4131113823702,54.08080161702817,52.15501817815318,53.20724868774414,3899600,0.0,0
2022-05-12,52.779282222584,53.80441514451108,52.43093848001686,53.79446029663086,3748600,0.14,0
2022-05-13,54.22242729553513,55.67055012340098,54.14280749630285,55.20774841308594,3881300,0.0,0
2022-05-16,55.14803119584972,56.90966340538271,55.01864474972707,56.27268981933594,3620700,0.0,0
2022-05-17,57.009189581907464,57.6461631732889,56.40207294116513,57.33763122558594,4238000,0.0,0
2022-05-18,56.76634188608441,58.02436582819607,56.591175293003964,56.82008743286133,4319300,0.0,0
2022-05-19,56.21297157374708,58.79669878920081,56.16320872469657,58.7210578918457,6912300,0.0,0
2022-05-20,59.188837236983794,59.4973691801962,57.765597728415884,58.94997024536133,9441900,0.0,0
2022-05-23,59.56703847290288,60.88577487114635,58.912152233348614,60.62202835083008,4956300,0.0,0
2022-05-24,60.37321200692346,61.900954694881285,59.965150553364566,61.796451568603516,5808300,0.0,0
2022-05-25,61.378434693034535,62.164700641483186,61.10473711629298,61.716827392578125,5374200,0.0,0
2022-05-26,62.22442084261764,63.72728025309067,62.154752089615315,62.87134552001953,5745200,0.0,0
2022-05-27,62.642428666311496,62.816604332427154,60.930563125115874,62.612571716308594,6501900,0.0,0
2022-05-31,62.682242691210284,63.667563839597165,62.06517499036616,62.323944091796875,12551200,0.0,0
2022-06-01,62.71209805310666,62.97087094464204,61.50881435845468,62.035316467285156,4259100,0.0,0
2022-06-02,62.423473028564814,62.72205392650424,61.76659353443325,62.24432373046875,4820200,0.0,0
2022-06-03,62.2045147803522,62.40356998698178,61.448109551154516,61.706878662109375,3425000,0.0,0
2022-06-06,61.905929955783634,62.11991362496904,61.089807077183956,61.428199768066406,2699300,0.0,0
2022-06-07,61.059946273553194,62.23436774101586,61.02013827211025,62.085079193115234,3560000,0.0,0
2022-06-08,61.56754115646736,62.10498907536854,61.03009323756616,61.706878662109375,3734400,0.0,0
2022-06-09,61.179380968782695,61.358530261545965,60.572264342936286,60.79122543334961,4500600,0.0,0
2022-06-10,59.875572817575346,60.02983878698965,57.69592816038633,57.70587921142578,3551200,0.0,0
2022-06-13,56.35231034835289,56.91961519305702,55.51628155668437,55.9741096496582,3721400,0.0,0
2022-06-14,55.97410927760194,56.47174536941444,55.60585583606399,56.12339782714844,4443200,0.0,0
2022-06-15,56.60112857509274,56.93952127271223,54.64044493584229,55.26746368408203,4482700,0.0,0
2022-06-16,54.341861578318635,54.4712480297102,53.4262129602545,53.78451156616211,4880000,0.0,0
2022-06-17,53.864130304153036,54.27219175355335,52.41103380596283,52.968387603759766,12994200,0.0,0
2022-06-21,54.202521621316464,55.357037189936904,53.675028584646526,55.108219146728516,3590200,0.0,0
2022-06-22,53.4560698728181,54.40157923845879,53.16744001864086,53.17739486694336,4488400,0.0,0
2022-06-23,52.99824396969993,53.286873815193914,50.515040925640406,50.689212799072266,5882000,0.0,0
2022-06-24,51.18685086525057,53.34658977235868,50.972867184884635,53.30678176879883,8329500,0.0,0
2022-06-27,53.456069431703945,54.063186086631646,52.829050673659886,53.98356628417969,4769100,0.0,0
2022-06-28,54.6304916339797,55.456569400272635,53.645174260765835,54.013423919677734,4755300,0.0,0
2022-06-29,54.23238590464539,54.690210222803984,53.72280548623355,54.272193908691406,3208200,0.0,0
2022-06-30,53.64517001498634,54.481198766795494,53.31672838546828,53.884033203125,3588100,0.0,0
2022-07-01,53.366492033932495,54.18261489953072,52.41103167371924,53.86412811279297,2130500,0.0,0
2022-07-05,52.54041989896127,52.789237946829054,51.017650864280164,51.85367965698242,4655000,0.0,0
2022-07-06,51.88354285401153,52.11245501325797,50.26124804225547,51.793968200683594,3851300,0.0,0
2022-07-07,53.23711321921191,53.346589975245664,52.51056115071341,52.600135803222656,3879700,0.0,0
2022-07-08,52.82904898653966,52.968386483877424,51.843727860610834,52.4807014465332,2554800,0.0,0
2022-07-11,51.91339693663485,52.729519823326946,51.769082014435845,52.65985107421875,2249700,0.0,0
2022-07-12,52.38117692895121,53.247062679553316,51.923348831663795,52.31150817871094,2713300,0.0,0
2022-07-13,51.62476707351854,52.162214963582976,51.38192117719201,51.72429656982422,1675200,0.0,0
2022-07-14,51.07737232787091,51.62477131420059,49.79347019502796,51.2465705871582,3560400,0.0,0
2022-07-15,52.06268995296005,52.24183925201913,51.376944433156424,51.754154205322266,2589600,0.0,0
2022-07-18,52.31150972828011,52.78923994264851,51.764106964945455,51.99302291870117,1867500,0.0,0
2022-07-19,52.430941464194525,53.96366161205084,52.361272711715806,53.485931396484375,2273100,0.0,0
2022-07-20,53.157489806306714,54.01342453405032,53.12265543002237,53.76460647583008,1679300,0.0,0
2022-07-21,53.36649413149938,53.65512397978191,52.580231981458944,53.625267028808594,1482300,0.0,0
2022-07-22,53.794461915361595,54.26224106659517,53.32668656079018,53.7546501159668,1971600,0.0,0
2022-07-25,54.36176479168813,55.34210848533004,53.923846404255556,55.20774841308594,2643000,0.0,0
2022-07-26,55.386900017726596,55.75514967244471,54.789734413593855,55.19779586791992,1692200,0.0,0
2022-07-27,55.64567013106935,56.62601388338761,54.71011560328791,56.34236145019531,2248500,0.0,0
2022-07-28,56.53643836760799,56.9763500222134,56.00396788547795,56.690704345703125,2293400,0.0,0
2022-07-29,57.15848435031086,57.76560101677756,56.9594291454044,57.277915954589844,2338900,0.0,0
2022-08-01,56.730514774945604,57.25800782020182,56.07363528204956,56.63098907470703,2621600,0.0,0
2022-08-02,56.57127267639049,56.67079837891585,55.42670811403803,55.47647476196289,3025200,0.0,0
2022-08-03,55.834771199688994,55.834771199688994,55.29732707502915,55.43666458129883,3164600,0.0,0
2022-08-04,55.32718061260342,55.486424009463654,54.421483081086734,54.95893096923828,3218800,0.0,0
2022-08-05,56.70065544933133,58.13384597471374,56.47174331104078,57.626258850097656,5728000,0.0,0
2022-08-08,59.02959188367653,60.40306470080146,58.74096205239852,58.810630798339844,4055600,0.0,0
2022-08-09,58.850445658612955,59.855668899996104,58.850445658612955,59.43765640258789,3022100,0.0,0
2022-08-10,60.422975920085875,60.65686550062632,59.48742139458634,59.805908203125,2604500,0.0,0
2022-08-11,60.354675208593,60.91341995695961,60.00046605482942,60.13516616821289,1985300,0.15,0
2022-08-12,60.33472257860366,61.63181356152216,60.005459001206894,61.62183380126953,2744000,0.0,0
2022-08-15,60.723849621771464,61.6916808355111,60.334722706686186,61.472171783447266,3836200,0.0,0
2022-08-16,61.50210102020294,62.18058005778893,61.50210102020294,61.9610710144043,2523100,0.0,0
2022-08-17,61.36241526756923,61.76152192998619,61.0730631276251,61.73158645629883,1747600,0.0,0
2022-08-18,62.15064970010024,62.66948684602016,61.981028034047924,62.23046875,1980500,0.0,0
2022-08-19,61.911185292363925,62.04588541120031,60.993245279365674,61.19279861450195,2232200,0.0,0
2022-08-22,60.59413833911849,61.20277429579889,60.46442810093334,60.903446197509766,1912800,0.0,0
2022-08-23,61.093020185052175,61.831366384913885,61.093020185052175,61.631813049316406,1952700,0.0,0
2022-08-24,61.76152420043946,62.33024874128476,61.09302108724029,61.76152420043945,2307200,0.0,0
2022-08-25,62.27038098630787,63.20329064629671,62.0408959813928,63.09852600097656,2522400,0.0,0
2022-08-26,63.33798488605736,63.623344359132915,62.140668711917414,62.180580139160156,1889200,0.0,0
2022-08-29,61.462191771344926,62.33024821576978,61.21275105180836,61.77149963378906,1803200,0.0,0
2022-08-30,61.442239473888606,61.731587814033496,60.57418303496403,61.631813049316406,2539200,0.0,0
2022-08-31,61.601879874403224,62.0708258244995,61.04313130962945,61.292572021484375,3710500,0.0,0
2022-09-01,60.64402616504197,60.793692118363694,59.81588496017479,60.6739616394043,2468400,0.0,0
2022-09-02,61.422284458994795,62.07082804936606,60.86353587419323,61.10300064086914,2644100,0.0,0
2022-09-06,61.47216976842339,61.61185595837124,59.89570263921036,60.185054779052734,2303200,0.0,0
2022-09-07,59.75102539921053,61.85131950576203,59.64626075880121,61.681697845458984,2058800,0.0,0
2022-09-08,61.23270389400786,61.99100577728255,60.963307472804736,61.901206970214844,2873500,0.0,0
2022-09-09,62.44997767835923,62.839104585512814,61.656754223946486,62.38013458251953,2021200,0.0,0
2022-09-12,62.72934834199206,62.72934834199206,61.152885042618976,61.97105026245117,4922200,0.0,0
2022-09-13,60.92340260780032,63.68720623237649,60.873511419045904,62.50984573364258,4939200,0.0,0
2022-09-14,62.888990173940314,64.15615323531566,62.61959375217113,63.6672477722168,5006500,0.0,0
2022-09-15,63.66725122644611,63.83686909037563,61.826377480896035,61.98102951049805,5786400,0.0,0
2022-09-16,61.09301900462142,61.46219019433755,60.24492210242303,61.21274948120117,7511800,0.0,0
2022-09-19,60.3646527731024,61.52205753353023,60.3646527731024,61.2825927734375,2386800,0.0,0
2022-09-20,60.703893327803,61.43225976814026,60.09525736646497,61.26264190673828,2707100,0.0,0
2022-09-21,62.080804767244366,62.080804767244366,59.067560550961204,59.09749221801758,3101500,0.0,0
2022-09-22,59.41677914841083,60.45445346417432,59.41677914841083,59.62630844116211,3170800,0.0,0
2022-09-23,58.64850103514923,58.678436509825396,56.963280348169896,57.79042434692383,2686800,0.0,0
2022-09-26,57.75051366938996,58.83607707074969,57.38632856170759,57.481117248535156,3941600,0.0,0
2022-09-27,58.11968771245736,58.448951289546415,56.772709348024534,57.131900787353516,2357400,0.0,0
2022-09-28,57.36138893462949,58.563691210915984,57.0421013153184,58.24939727783203,3517500,0.0,0
2022-09-29,57.72057979646647,57.95006860316504,56.4634002704548,57.08201217651367,2431000,0.0,0
2022-09-30,56.81261504212365,57.87024502837828,56.26384623843201,57.02214813232422,3688200,0.0,0
2022-10-03,58.349172646073775,59.34194564391335,57.765482275949246,59.047607421875,3680100,0.0,0
2022-10-04,59.845817092634825,61.68170094429531,59.78594994960905,61.62183380126953,3986600,0.0,0
2022-10-05,61.22272809394791,61.82138427179192,60.87350881840294,61.38236999511719,2978100,0.0,0
2022-10-06,61.073064177949504,61.8213863282284,60.61409417259096,60.753780364990234,3219100,0.0,0
2022-10-07,60.56420608387337,61.11297489310946,59.965546086936804,60.69391632080078,2420500,0.0,0
2022-10-10,61.19279781888307,61.62183234552738,60.62406948898206,60.913421630859375,2133300,0.0,0
2022-10-11,60.45445135598257,61.59190039829632,60.125187787858465,60.62406921386719,2198800,0.0,0
2022-10-12,60.683938626716504,60.92838946888531,60.02541527198181,60.65400695800781,2395700,0.0,0
2022-10-13,59.975526873888526,63.09353585039526,59.37686686670125,62.809173583984375,3067800,0.0,0
2022-10-14,63.10850243285195,63.10850243285195,58.46890349832714,58.59861373901367,4043200,0.0,0
2022-10-17,59.716106757045544,60.84856975561889,59.716106757045544,60.22496795654297,2693300,0.0,0
2022-10-18,61.63181317032968,62.26040484653884,60.70389339321821,61.482147216796875,2934600,0.0,0
2022-10-19,61.088028765984475,62.1007612525495,60.96330841014852,61.6617431640625,2174000,0.0,0
2022-10-20,62.24044836407865,62.59964360319314,61.23270574254489,61.79145431518555,2886400,0.0,0
2022-10-21,61.8213864727222,62.89398231852824,61.24268598769218,62.73933029174805,2566200,0.0,0
2022-10-24,62.908946239040226,63.62733670110755,62.54975100800657,63.21825408935547,3123400,0.0,0
2022-10-25,62.869036042050894,64.86456556529913,62.8490841343037,64.8146743774414,4597400,0.0,0
2022-10-26,65.34847992632494,66.12174003722824,64.55525268339862,65.72264099121094,5580600,0.0,0
2022-10-27,66.20156536570859,66.54080870229446,65.6627724986557,65.82241821289062,3822600,0.0,0
2022-10-28,65.94214228848062,66.35122870584685,65.10701680299502,65.87229919433594,2951200,0.0,0
2022-10-31,65.83240003265703,66.35123339549877,64.74483450430581,65.1938247680664,3672900,0.0,0
2022-11-01,65.88228361684693,67.0496643925954,65.65280241084179,66.95986938476562,3694100,0.0,0
2022-11-02,66.9099732767899,68.27691110112904,66.69046423512545,66.76031494140625,4385400,0.0,0
2022-11-03,65.61289009861662,67.48868160054927,65.58295842974258,66.83016204833984,5408700,0.0,0
2022-11-04,66.83016136553383,67.11950590324459,63.806937236751324,65.22376251220703,5722400,0.0,0
2022-11-07,65.18384700015906,66.87006099326612,65.11400390709932,65.89225769042969,3421800,0.0,0
2022-11-08,65.94214288904456,67.36894406441725,65.73261360470225,67.03968811035156,2901300,0.0,0
2022-11-09,66.9199534332729,67.71816675090678,66.58570379505753,66.9000015258789,3595000,0.0,0
2022-11-10,68.02999877929688,68.02999877929688,66.52999877929688,67.20999908447266,4523900,0.15,0
2022-11-11,67.86000061035156,68.0999984741211,64.29499816894531,64.7699966430664,5139300,0.0,0
2022-11-14,64.93000030517578,67.66999816894531,64.83000183105469,66.7300033569336,3240400,0.0,0
2022-11-15,66.72000122070312,67.05000305175781,64.81999969482422,66.72000122070312,3422100,0.0,0
2022-11-16,66.30000305175781,66.58999633789062,65.05999755859375,65.3499984741211,3064300,0.0,0
2022-11-17,64.55000305175781,65.63999938964844,63.7599983215332,65.43000030517578,3637400,0.0,0
2022-11-18,65.63999938964844,65.94000244140625,64.77999877929688,65.19999694824219,2999700,0.0,0
2022-11-21,65.0,65.72000122070312,64.05000305175781,65.1500015258789,3290300,0.0,0
2022-11-22,65.92500305175781,66.33000183105469,65.37999725341797,66.08999633789062,1896700,0.0,0
2022-11-23,65.98999786376953,66.30999755859375,65.31999969482422,65.80000305175781,1653700,0.0,0
2022-11-25,66.0,66.33000183105469,65.61000061035156,66.33000183105469,704300,0.0,0
2022-11-28,65.70999908447266,65.73999786376953,64.6500015258789,64.93000030517578,2570200,0.0,0
2022-11-29,65.01000213623047,65.87999725341797,64.97000122070312,65.56999969482422,1736500,0.0,0
2022-11-30,65.73999786376953,67.19000244140625,64.80400085449219,67.16000366210938,5060000,0.0,0
2022-12-01,67.3499984741211,67.41999816894531,65.83999633789062,66.25,1705900,0.0,0
2022-12-02,65.97000122070312,67.55000305175781,65.83000183105469,67.30999755859375,1865100,0.0,0
2022-12-05,66.95999908447266,67.11000061035156,64.02999877929688,64.36000061035156,2573200,0.0,0
2022-12-06,64.5,65.4000015258789,63.16999816894531,63.65999984741211,2674200,0.0,0
2022-12-07,63.66999816894531,64.33000183105469,63.20000076293945,63.7599983215332,2747600,0.0,0
2022-12-08,64.30000305175781,64.62000274658203,63.4900016784668,63.7400016784668,1892300,0.0,0
2022-12-09,63.529998779296875,64.0,62.630001068115234,62.9900016784668,2078700,0.0,0
2022-12-12,63.0,63.279998779296875,61.619998931884766,62.290000915527344,3637200,0.0,0
2022-12-13,63.220001220703125,63.625,62.369998931884766,62.63999938964844,2384600,0.0,0
2022-12-14,62.72999954223633,63.025001525878906,61.400001525878906,61.70000076293945,2956500,0.0,0
2022-12-15,60.9900016784668,61.36000061035156,59.91999816894531,60.22999954223633,3922600,0.0,0
2022-12-16,59.744998931884766,60.08000183105469,59.0,59.779998779296875,9735200,0.0,0
2022-12-19,60.029998779296875,60.290000915527344,58.01499938964844,58.29999923706055,3379000,0.0,0
2022-12-20,58.54999923706055,59.40999984741211,58.310001373291016,58.88999938964844,2645200,0.0,0
2022-12-21,59.09000015258789,59.900001525878906,58.41999816894531,59.38999938964844,2429000,0.0,0
2022-12-22,59.22999954223633,59.2400016784668,57.959999084472656,58.900001525878906,2305700,0.0,0
2022-12-23,58.90999984741211,59.6349983215332,58.81999969482422,59.380001068115234,1136400,0.0,0
2022-12-27,59.630001068115234,60.029998779296875,59.2599983215332,59.7599983215332,1683900,0.0,0
2022-12-28,59.7599983215332,59.93000030517578,58.47999954223633,58.630001068115234,1656800,0.0,0
2022-12-29,58.7400016784668,59.625,58.7400016784668,58.97999954223633,1548200,0.0,0
2022-12-30,58.7599983215332,59.16999816894531,58.33000183105469,58.779998779296875,1858200,0.0,0
2023-01-03,58.72999954223633,59.119998931884766,58.29999923706055,58.93000030517578,2351100,0.0,0
2023-01-04,59.25,59.79999923706055,58.720001220703125,59.689998626708984,3428600,0.0,0
2023-01-05,59.22999954223633,59.689998626708984,58.900001525878906,59.040000915527344,3314700,0.0,0
2023-01-06,59.77000045776367,61.13999938964844,59.59000015258789,61.0099983215332,2867000,0.0,0
2023-01-09,61.20000076293945,61.95500183105469,60.75,61.11000061035156,2243100,0.0,0
2023-01-10,61.41999816894531,61.790000915527344,60.4900016784668,61.75,1736300,0.0,0
2023-01-11,62.81999969482422,62.95000076293945,61.64500045776367,62.08000183105469,2807600,0.0,0
2023-01-12,62.099998474121094,62.85100173950195,61.709999084472656,62.58000183105469,2888500,0.0,0
2023-01-13,62.56999969482422,63.0099983215332,61.875,62.720001220703125,2066300,0.0,0
2023-01-17,62.775001525878906,63.54499816894531,62.650001525878906,62.70000076293945,3163500,0.0,0
2023-01-18,62.939998626708984,63.060001373291016,61.40999984741211,61.5099983215332,2621500,0.0,0
2023-01-19,61.619998931884766,62.36000061035156,61.150001525878906,62.220001220703125,3085700,0.0,0
2023-01-20,62.400001525878906,62.9900016784668,61.650001525878906,62.36000061035156,2570800,0.0,0
2023-01-23,62.31999969482422,62.470001220703125,61.564998626708984,61.900001525878906,2754300,0.0,0
2023-01-24,62.08000183105469,62.54999923706055,61.20000076293945,62.5099983215332,2169400,0.0,0
2023-01-25,61.88999938964844,63.150001525878906,61.41999816894531,63.130001068115234,2149800,0.0,0
2023-01-26,63.5,63.64500045776367,62.56999969482422,63.130001068115234,3726500,0.0,0
2023-01-27,62.79999923706055,64.08499908447266,62.68000030517578,63.83000183105469,3738500,0.0,0
2023-01-30,63.28499984741211,63.959999084472656,62.189998626708984,62.529998779296875,2869300,0.0,0
2023-01-31,62.61000061035156,64.47000122070312,62.47999954223633,64.44999694824219,3797200,0.0,0
2023-02-01,64.01000213623047,65.20999908447266,63.900001525878906,64.4800033569336,4132900,0.0,0
2023-02-02,62.34000015258789,62.97999954223633,61.060001373291016,62.0,9167000,0.0,0
2023-02-03,61.099998474121094,61.88999938964844,61.099998474121094,61.5,4689600,0.0,0
2023-02-06,61.244998931884766,61.400001525878906,60.2400016784668,60.70000076293945,4277400,0.0,0
2023-02-07,60.56999969482422,60.939998626708984,59.84000015258789,60.709999084472656,4114400,0.0,0
2023-02-08,60.48500061035156,62.029998779296875,60.439998626708984,61.880001068115234,4131400,0.0,0
2023-02-09,63.48500061035156,63.790000915527344,62.2599983215332,62.599998474121094,4260000,0.0,0
2023-02-10,62.86000061035156,64.9800033569336,62.86000061035156,64.47000122070312,4934400,0.0,0
2023-02-13,64.06999969482422,64.13919830322266,62.35499954223633,62.59000015258789,1272883,0.0,0
